BEGIN;
TRUNCATE TABLE planningentry, planversion, planscenario, monthlyparameters, resourceabsence, "resource", shiftprimerule, shift RESTART IDENTITY CASCADE;
INSERT INTO shift (code, description, start, "end", hours) VALUES (1, 'Standard morning shift', '07:00', '16:15', 9.25);
INSERT INTO shift (code, description, start, "end", hours) VALUES (4, 'Long shift', '07:15', '19:15', 12.0);
INSERT INTO shift (code, description, start, "end", hours) VALUES (8, 'Medium shift', '08:00', '17:15', 9.25);
INSERT INTO shift (code, description, start, "end", hours) VALUES (10, 'Late shift', '10:15', '19:30', 9.25);
INSERT INTO shiftprimerule (shift_code, allowed) VALUES (1, true);
INSERT INTO shiftprimerule (shift_code, allowed) VALUES (4, false);
INSERT INTO shiftprimerule (shift_code, allowed) VALUES (8, true);
INSERT INTO shiftprimerule (shift_code, allowed) VALUES (10, true);
INSERT INTO resource (id, name, role, availability_percent, contract_hours_per_month, preferred_days_off, vacation_days, language, notes, availability_template, preferred_shift_codes, undesired_shift_codes) VALUES (1, 'Alice Dupont', 'cook', 100, 160, NULL, NULL, 'fr', NULL, '[{"day": "monday", "is_available": true, "start_time": "07:15", "end_time": "19:15"}, {"day": "tuesday", "is_available": true, "start_time": "07:15", "end_time": "19:15"}, {"day": "wednesday", "is_available": true, "start_time": "07:15", "end_time": "19:15"}, {"day": "thursday", "is_available": true, "start_time": "07:15", "end_time": "19:15"}, {"day": "friday", "is_available": true, "start_time": "07:15", "end_time": "19:15"}]'::jsonb, '[1, 8]'::jsonb, '[10]'::jsonb);
INSERT INTO resource (id, name, role, availability_percent, contract_hours_per_month, preferred_days_off, vacation_days, language, notes, availability_template, preferred_shift_codes, undesired_shift_codes) VALUES (2, 'Bastien Favre', 'cook', 100, 160, NULL, NULL, 'fr', NULL, '[{"day": "monday", "is_available": true, "start_time": "07:15", "end_time": "19:15"}, {"day": "tuesday", "is_available": true, "start_time": "07:15", "end_time": "19:15"}, {"day": "wednesday", "is_available": true, "start_time": "07:15", "end_time": "19:15"}, {"day": "thursday", "is_available": true, "start_time": "07:15", "end_time": "19:15"}, {"day": "friday", "is_available": true, "start_time": "07:15", "end_time": "19:15"}]'::jsonb, '[1]'::jsonb, '[]'::jsonb);
INSERT INTO resource (id, name, role, availability_percent, contract_hours_per_month, preferred_days_off, vacation_days, language, notes, availability_template, preferred_shift_codes, undesired_shift_codes) VALUES (3, 'Camille Perret', 'cook', 90, 150, NULL, NULL, 'fr', NULL, '[{"day": "monday", "is_available": true, "start_time": "07:15", "end_time": "19:15"}, {"day": "tuesday", "is_available": true, "start_time": "07:15", "end_time": "19:15"}, {"day": "wednesday", "is_available": true, "start_time": "07:15", "end_time": "19:15"}, {"day": "thursday", "is_available": true, "start_time": "07:15", "end_time": "19:15"}, {"day": "friday", "is_available": false, "start_time": null, "end_time": null}, {"day": "saturday", "is_available": true, "start_time": "07:15", "end_time": "19:15"}, {"day": "sunday", "is_available": true, "start_time": "07:15", "end_time": "19:15"}]'::jsonb, '[10]'::jsonb, '[]'::jsonb);
INSERT INTO resource (id, name, role, availability_percent, contract_hours_per_month, preferred_days_off, vacation_days, language, notes, availability_template, preferred_shift_codes, undesired_shift_codes) VALUES (4, 'David Roux', 'cook', 100, 160, NULL, NULL, 'fr', NULL, '[{"day": "monday", "is_available": true, "start_time": "07:15", "end_time": "19:15"}, {"day": "tuesday", "is_available": true, "start_time": "07:15", "end_time": "19:15"}, {"day": "wednesday", "is_available": true, "start_time": "07:15", "end_time": "19:15"}, {"day": "thursday", "is_available": true, "start_time": "07:15", "end_time": "19:15"}, {"day": "friday", "is_available": true, "start_time": "07:15", "end_time": "19:15"}]'::jsonb, '[4]'::jsonb, '[1]'::jsonb);
INSERT INTO resource (id, name, role, availability_percent, contract_hours_per_month, preferred_days_off, vacation_days, language, notes, availability_template, preferred_shift_codes, undesired_shift_codes) VALUES (5, 'Estelle Girard', 'cook', 90, 140, NULL, NULL, 'fr', NULL, '[{"day": "monday", "is_available": true, "start_time": "07:15", "end_time": "19:15"}, {"day": "tuesday", "is_available": true, "start_time": "07:15", "end_time": "19:15"}, {"day": "wednesday", "is_available": true, "start_time": "07:15", "end_time": "19:15"}, {"day": "thursday", "is_available": true, "start_time": "07:15", "end_time": "19:15"}, {"day": "friday", "is_available": false, "start_time": null, "end_time": null}]'::jsonb, '[8]'::jsonb, '[]'::jsonb);
INSERT INTO resource (id, name, role, availability_percent, contract_hours_per_month, preferred_days_off, vacation_days, language, notes, availability_template, preferred_shift_codes, undesired_shift_codes) VALUES (6, 'Félix Monod', 'cook', 100, 160, NULL, NULL, 'fr', NULL, '[{"day": "monday", "is_available": true, "start_time": "07:15", "end_time": "19:15"}, {"day": "tuesday", "is_available": true, "start_time": "07:15", "end_time": "19:15"}, {"day": "wednesday", "is_available": true, "start_time": "07:15", "end_time": "19:15"}, {"day": "thursday", "is_available": true, "start_time": "07:15", "end_time": "19:15"}, {"day": "friday", "is_available": true, "start_time": "07:15", "end_time": "19:15"}]'::jsonb, '[1, 4]'::jsonb, '[]'::jsonb);
INSERT INTO resource (id, name, role, availability_percent, contract_hours_per_month, preferred_days_off, vacation_days, language, notes, availability_template, preferred_shift_codes, undesired_shift_codes) VALUES (7, 'Géraldine Weber', 'cook', 95, 150, NULL, NULL, 'fr', NULL, '[{"day": "monday", "is_available": true, "start_time": "07:15", "end_time": "19:15"}, {"day": "tuesday", "is_available": true, "start_time": "07:15", "end_time": "19:15"}, {"day": "wednesday", "is_available": true, "start_time": "07:15", "end_time": "19:15"}, {"day": "thursday", "is_available": true, "start_time": "07:15", "end_time": "19:15"}, {"day": "friday", "is_available": true, "start_time": "07:15", "end_time": "19:15"}]'::jsonb, '[1, 8]'::jsonb, '[]'::jsonb);
INSERT INTO resource (id, name, role, availability_percent, contract_hours_per_month, preferred_days_off, vacation_days, language, notes, availability_template, preferred_shift_codes, undesired_shift_codes) VALUES (8, 'Hugo Lambert', 'kitchen_assistant', 80, 128, NULL, NULL, 'fr', NULL, '[{"day": "monday", "is_available": true, "start_time": "07:15", "end_time": "19:15"}, {"day": "tuesday", "is_available": true, "start_time": "07:15", "end_time": "19:15"}, {"day": "wednesday", "is_available": true, "start_time": "07:15", "end_time": "19:15"}, {"day": "thursday", "is_available": true, "start_time": "07:15", "end_time": "19:15"}, {"day": "friday", "is_available": true, "start_time": "07:15", "end_time": "19:15"}]'::jsonb, '[]'::jsonb, '[]'::jsonb);
INSERT INTO resource (id, name, role, availability_percent, contract_hours_per_month, preferred_days_off, vacation_days, language, notes, availability_template, preferred_shift_codes, undesired_shift_codes) VALUES (9, 'Isabelle Morel', 'kitchen_assistant', 85, 130, NULL, NULL, 'fr', NULL, '[{"day": "monday", "is_available": true, "start_time": "07:15", "end_time": "19:15"}, {"day": "tuesday", "is_available": true, "start_time": "07:15", "end_time": "19:15"}, {"day": "wednesday", "is_available": true, "start_time": "07:15", "end_time": "19:15"}, {"day": "thursday", "is_available": true, "start_time": "07:15", "end_time": "19:15"}, {"day": "friday", "is_available": true, "start_time": "07:15", "end_time": "19:15"}]'::jsonb, '[8, 10]'::jsonb, '[]'::jsonb);
INSERT INTO resource (id, name, role, availability_percent, contract_hours_per_month, preferred_days_off, vacation_days, language, notes, availability_template, preferred_shift_codes, undesired_shift_codes) VALUES (10, 'Julien Mercier', 'kitchen_assistant', 75, 120, NULL, NULL, 'fr', NULL, '[{"day": "monday", "is_available": true, "start_time": "07:15", "end_time": "19:15"}, {"day": "tuesday", "is_available": true, "start_time": "07:15", "end_time": "19:15"}, {"day": "wednesday", "is_available": true, "start_time": "07:15", "end_time": "19:15"}, {"day": "thursday", "is_available": true, "start_time": "07:15", "end_time": "19:15"}, {"day": "friday", "is_available": true, "start_time": "07:15", "end_time": "19:15"}]'::jsonb, '[]'::jsonb, '[4]'::jsonb);
INSERT INTO resource (id, name, role, availability_percent, contract_hours_per_month, preferred_days_off, vacation_days, language, notes, availability_template, preferred_shift_codes, undesired_shift_codes) VALUES (11, 'Karim Senn', 'pot_washer', 100, 120, NULL, NULL, 'fr', NULL, '[{"day": "monday", "is_available": true, "start_time": "07:15", "end_time": "19:15"}, {"day": "tuesday", "is_available": true, "start_time": "07:15", "end_time": "19:15"}, {"day": "wednesday", "is_available": true, "start_time": "07:15", "end_time": "19:15"}, {"day": "thursday", "is_available": true, "start_time": "07:15", "end_time": "19:15"}, {"day": "friday", "is_available": true, "start_time": "07:15", "end_time": "19:15"}]'::jsonb, '[10]'::jsonb, '[]'::jsonb);
INSERT INTO resource (id, name, role, availability_percent, contract_hours_per_month, preferred_days_off, vacation_days, language, notes, availability_template, preferred_shift_codes, undesired_shift_codes) VALUES (12, 'Louise Hertig', 'pot_washer', 90, 110, NULL, NULL, 'fr', NULL, '[{"day": "monday", "is_available": true, "start_time": "07:15", "end_time": "19:15"}, {"day": "tuesday", "is_available": true, "start_time": "07:15", "end_time": "19:15"}, {"day": "wednesday", "is_available": true, "start_time": "07:15", "end_time": "19:15"}, {"day": "thursday", "is_available": true, "start_time": "07:15", "end_time": "19:15"}, {"day": "friday", "is_available": true, "start_time": "07:15", "end_time": "19:15"}, {"day": "saturday", "is_available": true, "start_time": "07:15", "end_time": "19:15"}, {"day": "sunday", "is_available": true, "start_time": "07:15", "end_time": "19:15"}]'::jsonb, '[]'::jsonb, '[]'::jsonb);
INSERT INTO resource (id, name, role, availability_percent, contract_hours_per_month, preferred_days_off, vacation_days, language, notes, availability_template, preferred_shift_codes, undesired_shift_codes) VALUES (13, 'Maël Schneider', 'apprentice', 60, 100, NULL, NULL, 'fr', NULL, '[{"day": "monday", "is_available": true, "start_time": "07:15", "end_time": "19:15"}, {"day": "tuesday", "is_available": true, "start_time": "07:15", "end_time": "19:15"}, {"day": "wednesday", "is_available": true, "start_time": "07:15", "end_time": "19:15"}, {"day": "thursday", "is_available": true, "start_time": "07:15", "end_time": "19:15"}, {"day": "friday", "is_available": true, "start_time": "07:15", "end_time": "19:15"}]'::jsonb, '[1]'::jsonb, '[]'::jsonb);
INSERT INTO resource (id, name, role, availability_percent, contract_hours_per_month, preferred_days_off, vacation_days, language, notes, availability_template, preferred_shift_codes, undesired_shift_codes) VALUES (14, 'Nina Clément', 'apprentice', 70, 110, NULL, NULL, 'fr', NULL, '[{"day": "monday", "is_available": true, "start_time": "07:15", "end_time": "19:15"}, {"day": "tuesday", "is_available": true, "start_time": "07:15", "end_time": "19:15"}, {"day": "wednesday", "is_available": true, "start_time": "07:15", "end_time": "19:15"}, {"day": "thursday", "is_available": true, "start_time": "07:15", "end_time": "19:15"}, {"day": "friday", "is_available": true, "start_time": "07:15", "end_time": "19:15"}]'::jsonb, '[]'::jsonb, '[]'::jsonb);
INSERT INTO resource (id, name, role, availability_percent, contract_hours_per_month, preferred_days_off, vacation_days, language, notes, availability_template, preferred_shift_codes, undesired_shift_codes) VALUES (15, 'Olivier Rey', 'relief_cook', 50, 80, NULL, NULL, 'fr', NULL, '[{"day": "monday", "is_available": true, "start_time": "07:15", "end_time": "19:15"}, {"day": "tuesday", "is_available": true, "start_time": "07:15", "end_time": "19:15"}, {"day": "wednesday", "is_available": true, "start_time": "07:15", "end_time": "19:15"}, {"day": "thursday", "is_available": false, "start_time": null, "end_time": null}, {"day": "friday", "is_available": false, "start_time": null, "end_time": null}, {"day": "saturday", "is_available": true, "start_time": "07:15", "end_time": "19:15"}, {"day": "sunday", "is_available": true, "start_time": "07:15", "end_time": "19:15"}]'::jsonb, '[4, 10]'::jsonb, '[]'::jsonb);
INSERT INTO resourceabsence (resource_id, start_date, end_date, absence_type, comment) VALUES (1, '2025-02-12', '2025-02-16', 'vacation', 'Vacation (demo)');
INSERT INTO resourceabsence (resource_id, start_date, end_date, absence_type, comment) VALUES (2, '2025-04-08', '2025-04-12', 'vacation', 'Vacation (demo)');
INSERT INTO resourceabsence (resource_id, start_date, end_date, absence_type, comment) VALUES (3, '2025-05-20', '2025-05-24', 'training', 'Training (demo)');
INSERT INTO resourceabsence (resource_id, start_date, end_date, absence_type, comment) VALUES (4, '2025-06-03', '2025-06-05', 'sick_leave', 'Sick Leave (demo)');
INSERT INTO resourceabsence (resource_id, start_date, end_date, absence_type, comment) VALUES (5, '2025-07-15', '2025-07-26', 'vacation', 'Vacation (demo)');
INSERT INTO resourceabsence (resource_id, start_date, end_date, absence_type, comment) VALUES (6, '2025-08-19', '2025-08-23', 'vacation', 'Vacation (demo)');
INSERT INTO resourceabsence (resource_id, start_date, end_date, absence_type, comment) VALUES (7, '2025-09-09', '2025-09-13', 'training', 'Training (demo)');
INSERT INTO resourceabsence (resource_id, start_date, end_date, absence_type, comment) VALUES (8, '2025-10-14', '2025-10-18', 'vacation', 'Vacation (demo)');
INSERT INTO resourceabsence (resource_id, start_date, end_date, absence_type, comment) VALUES (9, '2025-11-04', '2025-11-08', 'sick_leave', 'Sick Leave (demo)');
INSERT INTO resourceabsence (resource_id, start_date, end_date, absence_type, comment) VALUES (10, '2025-02-12', '2025-02-16', 'vacation', 'Vacation (demo)');
INSERT INTO resourceabsence (resource_id, start_date, end_date, absence_type, comment) VALUES (11, '2025-04-08', '2025-04-12', 'vacation', 'Vacation (demo)');
INSERT INTO resourceabsence (resource_id, start_date, end_date, absence_type, comment) VALUES (12, '2025-05-20', '2025-05-24', 'training', 'Training (demo)');
INSERT INTO resourceabsence (resource_id, start_date, end_date, absence_type, comment) VALUES (13, '2025-06-03', '2025-06-05', 'sick_leave', 'Sick Leave (demo)');
INSERT INTO resourceabsence (resource_id, start_date, end_date, absence_type, comment) VALUES (14, '2025-07-15', '2025-07-26', 'vacation', 'Vacation (demo)');
INSERT INTO resourceabsence (resource_id, start_date, end_date, absence_type, comment) VALUES (15, '2025-08-19', '2025-08-23', 'vacation', 'Vacation (demo)');
INSERT INTO monthlyparameters (month, contractual_hours, max_vacation_overlap, publication_deadline) VALUES ('2025-11', 160, 4, '2025-11-15');
INSERT INTO planscenario (id, month, name, status, created_at, updated_at, violations) VALUES (1, '2025-11', 'Draft Scenario', 'draft', CURRENT_TIMESTAMP, CURRENT_TIMESTAMP, '[{"code": "days-per-week-exceeded", "message": "Resource 9 works 7 days in ISO week 46/2025, limit is 6.", "severity": "critical", "meta": {"resource_id": 9, "week": "2025-W46", "days": 7, "limit": 6}, "scope": "week", "day": null, "resource_id": 9, "iso_week": "2025-W46"}, {"code": "days-per-week-exceeded", "message": "Resource 10 works 7 days in ISO week 47/2025, limit is 6.", "severity": "critical", "meta": {"resource_id": 10, "week": "2025-W47", "days": 7, "limit": 6}, "scope": "week", "day": null, "resource_id": 10, "iso_week": "2025-W47"}, {"code": "insufficient-consecutive-rest", "message": "Resource 12 does not have 2 consecutive days off in 2025-11.", "severity": "warning", "meta": {"resource_id": 12, "required_off": 2}, "scope": "resource", "day": null, "resource_id": 12, "iso_week": null}, {"code": "consecutive-days-exceeded", "message": "Resource 8 works 9 consecutive days; limit is 6.", "severity": "critical", "meta": {"resource_id": 8, "streak": 9}, "scope": "resource", "day": null, "resource_id": 8, "iso_week": null}, {"code": "consecutive-days-exceeded", "message": "Resource 9 works 10 consecutive days; limit is 6.", "severity": "critical", "meta": {"resource_id": 9, "streak": 10}, "scope": "resource", "day": null, "resource_id": 9, "iso_week": null}, {"code": "insufficient-consecutive-rest", "message": "Resource 13 does not have 2 consecutive days off in 2025-11.", "severity": "warning", "meta": {"resource_id": 13, "required_off": 2}, "scope": "resource", "day": null, "resource_id": 13, "iso_week": null}, {"code": "consecutive-days-exceeded", "message": "Resource 1 works 8 consecutive days; limit is 6.", "severity": "critical", "meta": {"resource_id": 1, "streak": 8}, "scope": "resource", "day": null, "resource_id": 1, "iso_week": null}, {"code": "consecutive-days-exceeded", "message": "Resource 2 works 7 consecutive days; limit is 6.", "severity": "critical", "meta": {"resource_id": 2, "streak": 7}, "scope": "resource", "day": null, "resource_id": 2, "iso_week": null}, {"code": "insufficient-consecutive-rest", "message": "Resource 2 does not have 2 consecutive days off in 2025-11.", "severity": "warning", "meta": {"resource_id": 2, "required_off": 2}, "scope": "resource", "day": null, "resource_id": 2, "iso_week": null}, {"code": "insufficient-consecutive-rest", "message": "Resource 3 does not have 2 consecutive days off in 2025-11.", "severity": "warning", "meta": {"resource_id": 3, "required_off": 2}, "scope": "resource", "day": null, "resource_id": 3, "iso_week": null}, {"code": "insufficient-consecutive-rest", "message": "Resource 11 does not have 2 consecutive days off in 2025-11.", "severity": "warning", "meta": {"resource_id": 11, "required_off": 2}, "scope": "resource", "day": null, "resource_id": 11, "iso_week": null}, {"code": "consecutive-days-exceeded", "message": "Resource 10 works 7 consecutive days; limit is 6.", "severity": "critical", "meta": {"resource_id": 10, "streak": 7}, "scope": "resource", "day": null, "resource_id": 10, "iso_week": null}, {"code": "consecutive-days-exceeded", "message": "Resource 7 works 7 consecutive days; limit is 6.", "severity": "critical", "meta": {"resource_id": 7, "streak": 7}, "scope": "resource", "day": null, "resource_id": 7, "iso_week": null}]'::jsonb);
INSERT INTO planversion (id, scenario_id, version_label, published_at, published_by, summary_hours) VALUES (1, 1, 'v1', NULL, NULL, '{"entries": 300, "violations": 13, "critical_violations": 8}');
INSERT INTO planningentry (id, resource_id, shift_code, date, absence_type, comment, scenario_id) VALUES (1, 12, 10, '2025-11-01', NULL, 'AUTO-COMPLIANT', 1);
INSERT INTO planningentry (id, resource_id, shift_code, date, absence_type, comment, scenario_id) VALUES (2, 8, 8, '2025-11-01', NULL, 'AUTO-COMPLIANT', 1);
INSERT INTO planningentry (id, resource_id, shift_code, date, absence_type, comment, scenario_id) VALUES (3, 9, 8, '2025-11-01', NULL, 'AUTO-COMPLIANT', 1);
INSERT INTO planningentry (id, resource_id, shift_code, date, absence_type, comment, scenario_id) VALUES (4, 13, 1, '2025-11-01', NULL, 'AUTO-COMPLIANT', 1);
INSERT INTO planningentry (id, resource_id, shift_code, date, absence_type, comment, scenario_id) VALUES (5, 1, 1, '2025-11-01', NULL, 'AUTO-COMPLIANT', 1);
INSERT INTO planningentry (id, resource_id, shift_code, date, absence_type, comment, scenario_id) VALUES (6, 2, 1, '2025-11-01', NULL, 'AUTO-COMPLIANT', 1);
INSERT INTO planningentry (id, resource_id, shift_code, date, absence_type, comment, scenario_id) VALUES (7, 3, 1, '2025-11-01', NULL, 'AUTO-COMPLIANT', 1);
INSERT INTO planningentry (id, resource_id, shift_code, date, absence_type, comment, scenario_id) VALUES (8, 4, 1, '2025-11-01', NULL, 'AUTO-COMPLIANT', 1);
INSERT INTO planningentry (id, resource_id, shift_code, date, absence_type, comment, scenario_id) VALUES (9, 5, 1, '2025-11-01', NULL, 'AUTO-COMPLIANT', 1);
INSERT INTO planningentry (id, resource_id, shift_code, date, absence_type, comment, scenario_id) VALUES (10, 11, NULL, '2025-11-01', 'rest_day', 'AUTO-COMPLIANT', 1);
INSERT INTO planningentry (id, resource_id, shift_code, date, absence_type, comment, scenario_id) VALUES (11, 12, 10, '2025-11-02', NULL, 'AUTO-COMPLIANT', 1);
INSERT INTO planningentry (id, resource_id, shift_code, date, absence_type, comment, scenario_id) VALUES (12, 10, 8, '2025-11-02', NULL, 'AUTO-COMPLIANT', 1);
INSERT INTO planningentry (id, resource_id, shift_code, date, absence_type, comment, scenario_id) VALUES (13, 8, 8, '2025-11-02', NULL, 'AUTO-COMPLIANT', 1);
INSERT INTO planningentry (id, resource_id, shift_code, date, absence_type, comment, scenario_id) VALUES (14, 14, 1, '2025-11-02', NULL, 'AUTO-COMPLIANT', 1);
INSERT INTO planningentry (id, resource_id, shift_code, date, absence_type, comment, scenario_id) VALUES (15, 6, 1, '2025-11-02', NULL, 'AUTO-COMPLIANT', 1);
INSERT INTO planningentry (id, resource_id, shift_code, date, absence_type, comment, scenario_id) VALUES (16, 7, 1, '2025-11-02', NULL, 'AUTO-COMPLIANT', 1);
INSERT INTO planningentry (id, resource_id, shift_code, date, absence_type, comment, scenario_id) VALUES (17, 15, 1, '2025-11-02', NULL, 'AUTO-COMPLIANT', 1);
INSERT INTO planningentry (id, resource_id, shift_code, date, absence_type, comment, scenario_id) VALUES (18, 2, 1, '2025-11-02', NULL, 'AUTO-COMPLIANT', 1);
INSERT INTO planningentry (id, resource_id, shift_code, date, absence_type, comment, scenario_id) VALUES (19, 3, 1, '2025-11-02', NULL, 'AUTO-COMPLIANT', 1);
INSERT INTO planningentry (id, resource_id, shift_code, date, absence_type, comment, scenario_id) VALUES (20, 1, NULL, '2025-11-02', 'rest_day', 'AUTO-COMPLIANT', 1);
INSERT INTO planningentry (id, resource_id, shift_code, date, absence_type, comment, scenario_id) VALUES (21, 11, NULL, '2025-11-02', 'rest_day', 'AUTO-COMPLIANT', 1);
INSERT INTO planningentry (id, resource_id, shift_code, date, absence_type, comment, scenario_id) VALUES (22, 11, 10, '2025-11-03', NULL, 'AUTO-COMPLIANT', 1);
INSERT INTO planningentry (id, resource_id, shift_code, date, absence_type, comment, scenario_id) VALUES (23, 9, 8, '2025-11-03', NULL, 'AUTO-COMPLIANT', 1);
INSERT INTO planningentry (id, resource_id, shift_code, date, absence_type, comment, scenario_id) VALUES (24, 10, 8, '2025-11-03', NULL, 'AUTO-COMPLIANT', 1);
INSERT INTO planningentry (id, resource_id, shift_code, date, absence_type, comment, scenario_id) VALUES (25, 13, 1, '2025-11-03', NULL, 'AUTO-COMPLIANT', 1);
INSERT INTO planningentry (id, resource_id, shift_code, date, absence_type, comment, scenario_id) VALUES (26, 4, 1, '2025-11-03', NULL, 'AUTO-COMPLIANT', 1);
INSERT INTO planningentry (id, resource_id, shift_code, date, absence_type, comment, scenario_id) VALUES (27, 5, 1, '2025-11-03', NULL, 'AUTO-COMPLIANT', 1);
INSERT INTO planningentry (id, resource_id, shift_code, date, absence_type, comment, scenario_id) VALUES (28, 6, 1, '2025-11-03', NULL, 'AUTO-COMPLIANT', 1);
INSERT INTO planningentry (id, resource_id, shift_code, date, absence_type, comment, scenario_id) VALUES (29, 7, 1, '2025-11-03', NULL, 'AUTO-COMPLIANT', 1);
INSERT INTO planningentry (id, resource_id, shift_code, date, absence_type, comment, scenario_id) VALUES (30, 15, 1, '2025-11-03', NULL, 'AUTO-COMPLIANT', 1);
INSERT INTO planningentry (id, resource_id, shift_code, date, absence_type, comment, scenario_id) VALUES (31, 1, NULL, '2025-11-03', 'rest_day', 'AUTO-COMPLIANT', 1);
INSERT INTO planningentry (id, resource_id, shift_code, date, absence_type, comment, scenario_id) VALUES (32, 12, 10, '2025-11-04', NULL, 'AUTO-COMPLIANT', 1);
INSERT INTO planningentry (id, resource_id, shift_code, date, absence_type, comment, scenario_id) VALUES (33, 8, 8, '2025-11-04', NULL, 'AUTO-COMPLIANT', 1);
INSERT INTO planningentry (id, resource_id, shift_code, date, absence_type, comment, scenario_id) VALUES (34, 10, 8, '2025-11-04', NULL, 'AUTO-COMPLIANT', 1);
INSERT INTO planningentry (id, resource_id, shift_code, date, absence_type, comment, scenario_id) VALUES (35, 14, 1, '2025-11-04', NULL, 'AUTO-COMPLIANT', 1);
INSERT INTO planningentry (id, resource_id, shift_code, date, absence_type, comment, scenario_id) VALUES (36, 1, 1, '2025-11-04', NULL, 'AUTO-COMPLIANT', 1);
INSERT INTO planningentry (id, resource_id, shift_code, date, absence_type, comment, scenario_id) VALUES (37, 3, 1, '2025-11-04', NULL, 'AUTO-COMPLIANT', 1);
INSERT INTO planningentry (id, resource_id, shift_code, date, absence_type, comment, scenario_id) VALUES (38, 4, 1, '2025-11-04', NULL, 'AUTO-COMPLIANT', 1);
INSERT INTO planningentry (id, resource_id, shift_code, date, absence_type, comment, scenario_id) VALUES (39, 5, 1, '2025-11-04', NULL, 'AUTO-COMPLIANT', 1);
INSERT INTO planningentry (id, resource_id, shift_code, date, absence_type, comment, scenario_id) VALUES (40, 6, 1, '2025-11-04', NULL, 'AUTO-COMPLIANT', 1);
INSERT INTO planningentry (id, resource_id, shift_code, date, absence_type, comment, scenario_id) VALUES (41, 2, NULL, '2025-11-04', 'rest_day', 'AUTO-COMPLIANT', 1);
INSERT INTO planningentry (id, resource_id, shift_code, date, absence_type, comment, scenario_id) VALUES (42, 11, 10, '2025-11-05', NULL, 'AUTO-COMPLIANT', 1);
INSERT INTO planningentry (id, resource_id, shift_code, date, absence_type, comment, scenario_id) VALUES (43, 10, 8, '2025-11-05', NULL, 'AUTO-COMPLIANT', 1);
INSERT INTO planningentry (id, resource_id, shift_code, date, absence_type, comment, scenario_id) VALUES (44, 13, 1, '2025-11-05', NULL, 'AUTO-COMPLIANT', 1);
INSERT INTO planningentry (id, resource_id, shift_code, date, absence_type, comment, scenario_id) VALUES (45, 1, 1, '2025-11-05', NULL, 'AUTO-COMPLIANT', 1);
INSERT INTO planningentry (id, resource_id, shift_code, date, absence_type, comment, scenario_id) VALUES (46, 7, 1, '2025-11-05', NULL, 'AUTO-COMPLIANT', 1);
INSERT INTO planningentry (id, resource_id, shift_code, date, absence_type, comment, scenario_id) VALUES (47, 15, 1, '2025-11-05', NULL, 'AUTO-COMPLIANT', 1);
INSERT INTO planningentry (id, resource_id, shift_code, date, absence_type, comment, scenario_id) VALUES (48, 3, 1, '2025-11-05', NULL, 'AUTO-COMPLIANT', 1);
INSERT INTO planningentry (id, resource_id, shift_code, date, absence_type, comment, scenario_id) VALUES (49, 4, 1, '2025-11-05', NULL, 'AUTO-COMPLIANT', 1);
INSERT INTO planningentry (id, resource_id, shift_code, date, absence_type, comment, scenario_id) VALUES (50, 5, 1, '2025-11-05', NULL, 'AUTO-COMPLIANT', 1);
INSERT INTO planningentry (id, resource_id, shift_code, date, absence_type, comment, scenario_id) VALUES (51, 8, NULL, '2025-11-05', 'rest_day', 'AUTO-COMPLIANT', 1);
INSERT INTO planningentry (id, resource_id, shift_code, date, absence_type, comment, scenario_id) VALUES (52, 2, NULL, '2025-11-05', 'rest_day', 'AUTO-COMPLIANT', 1);
INSERT INTO planningentry (id, resource_id, shift_code, date, absence_type, comment, scenario_id) VALUES (53, 12, 10, '2025-11-06', NULL, 'AUTO-COMPLIANT', 1);
INSERT INTO planningentry (id, resource_id, shift_code, date, absence_type, comment, scenario_id) VALUES (54, 10, 8, '2025-11-06', NULL, 'AUTO-COMPLIANT', 1);
INSERT INTO planningentry (id, resource_id, shift_code, date, absence_type, comment, scenario_id) VALUES (55, 14, 1, '2025-11-06', NULL, 'AUTO-COMPLIANT', 1);
INSERT INTO planningentry (id, resource_id, shift_code, date, absence_type, comment, scenario_id) VALUES (56, 2, 1, '2025-11-06', NULL, 'AUTO-COMPLIANT', 1);
INSERT INTO planningentry (id, resource_id, shift_code, date, absence_type, comment, scenario_id) VALUES (57, 1, 1, '2025-11-06', NULL, 'AUTO-COMPLIANT', 1);
INSERT INTO planningentry (id, resource_id, shift_code, date, absence_type, comment, scenario_id) VALUES (58, 6, 1, '2025-11-06', NULL, 'AUTO-COMPLIANT', 1);
INSERT INTO planningentry (id, resource_id, shift_code, date, absence_type, comment, scenario_id) VALUES (59, 7, 1, '2025-11-06', NULL, 'AUTO-COMPLIANT', 1);
INSERT INTO planningentry (id, resource_id, shift_code, date, absence_type, comment, scenario_id) VALUES (60, 3, 1, '2025-11-06', NULL, 'AUTO-COMPLIANT', 1);
INSERT INTO planningentry (id, resource_id, shift_code, date, absence_type, comment, scenario_id) VALUES (61, 4, 1, '2025-11-06', NULL, 'AUTO-COMPLIANT', 1);
INSERT INTO planningentry (id, resource_id, shift_code, date, absence_type, comment, scenario_id) VALUES (62, 8, NULL, '2025-11-06', 'rest_day', 'AUTO-COMPLIANT', 1);
INSERT INTO planningentry (id, resource_id, shift_code, date, absence_type, comment, scenario_id) VALUES (63, 11, 10, '2025-11-07', NULL, 'AUTO-COMPLIANT', 1);
INSERT INTO planningentry (id, resource_id, shift_code, date, absence_type, comment, scenario_id) VALUES (64, 8, 8, '2025-11-07', NULL, 'AUTO-COMPLIANT', 1);
INSERT INTO planningentry (id, resource_id, shift_code, date, absence_type, comment, scenario_id) VALUES (65, 10, 8, '2025-11-07', NULL, 'AUTO-COMPLIANT', 1);
INSERT INTO planningentry (id, resource_id, shift_code, date, absence_type, comment, scenario_id) VALUES (66, 14, 1, '2025-11-07', NULL, 'AUTO-COMPLIANT', 1);
INSERT INTO planningentry (id, resource_id, shift_code, date, absence_type, comment, scenario_id) VALUES (67, 2, 1, '2025-11-07', NULL, 'AUTO-COMPLIANT', 1);
INSERT INTO planningentry (id, resource_id, shift_code, date, absence_type, comment, scenario_id) VALUES (68, 1, 1, '2025-11-07', NULL, 'AUTO-COMPLIANT', 1);
INSERT INTO planningentry (id, resource_id, shift_code, date, absence_type, comment, scenario_id) VALUES (69, 6, 1, '2025-11-07', NULL, 'AUTO-COMPLIANT', 1);
INSERT INTO planningentry (id, resource_id, shift_code, date, absence_type, comment, scenario_id) VALUES (70, 7, 1, '2025-11-07', NULL, 'AUTO-COMPLIANT', 1);
INSERT INTO planningentry (id, resource_id, shift_code, date, absence_type, comment, scenario_id) VALUES (71, 4, 1, '2025-11-07', NULL, 'AUTO-COMPLIANT', 1);
INSERT INTO planningentry (id, resource_id, shift_code, date, absence_type, comment, scenario_id) VALUES (72, 13, NULL, '2025-11-07', 'rest_day', 'AUTO-COMPLIANT', 1);
INSERT INTO planningentry (id, resource_id, shift_code, date, absence_type, comment, scenario_id) VALUES (73, 12, 10, '2025-11-08', NULL, 'AUTO-COMPLIANT', 1);
INSERT INTO planningentry (id, resource_id, shift_code, date, absence_type, comment, scenario_id) VALUES (74, 8, 8, '2025-11-08', NULL, 'AUTO-COMPLIANT', 1);
INSERT INTO planningentry (id, resource_id, shift_code, date, absence_type, comment, scenario_id) VALUES (75, 14, 1, '2025-11-08', NULL, 'AUTO-COMPLIANT', 1);
INSERT INTO planningentry (id, resource_id, shift_code, date, absence_type, comment, scenario_id) VALUES (76, 15, 1, '2025-11-08', NULL, 'AUTO-COMPLIANT', 1);
INSERT INTO planningentry (id, resource_id, shift_code, date, absence_type, comment, scenario_id) VALUES (77, 2, 1, '2025-11-08', NULL, 'AUTO-COMPLIANT', 1);
INSERT INTO planningentry (id, resource_id, shift_code, date, absence_type, comment, scenario_id) VALUES (78, 5, 1, '2025-11-08', NULL, 'AUTO-COMPLIANT', 1);
INSERT INTO planningentry (id, resource_id, shift_code, date, absence_type, comment, scenario_id) VALUES (79, 1, 1, '2025-11-08', NULL, 'AUTO-COMPLIANT', 1);
INSERT INTO planningentry (id, resource_id, shift_code, date, absence_type, comment, scenario_id) VALUES (80, 6, 1, '2025-11-08', NULL, 'AUTO-COMPLIANT', 1);
INSERT INTO planningentry (id, resource_id, shift_code, date, absence_type, comment, scenario_id) VALUES (81, 7, 1, '2025-11-08', NULL, 'AUTO-COMPLIANT', 1);
INSERT INTO planningentry (id, resource_id, shift_code, date, absence_type, comment, scenario_id) VALUES (82, 3, NULL, '2025-11-08', 'rest_day', 'AUTO-COMPLIANT', 1);
INSERT INTO planningentry (id, resource_id, shift_code, date, absence_type, comment, scenario_id) VALUES (83, 13, NULL, '2025-11-08', 'rest_day', 'AUTO-COMPLIANT', 1);
INSERT INTO planningentry (id, resource_id, shift_code, date, absence_type, comment, scenario_id) VALUES (84, 11, 10, '2025-11-09', NULL, 'AUTO-COMPLIANT', 1);
INSERT INTO planningentry (id, resource_id, shift_code, date, absence_type, comment, scenario_id) VALUES (85, 9, 8, '2025-11-09', NULL, 'AUTO-COMPLIANT', 1);
INSERT INTO planningentry (id, resource_id, shift_code, date, absence_type, comment, scenario_id) VALUES (86, 8, 8, '2025-11-09', NULL, 'AUTO-COMPLIANT', 1);
INSERT INTO planningentry (id, resource_id, shift_code, date, absence_type, comment, scenario_id) VALUES (87, 13, 1, '2025-11-09', NULL, 'AUTO-COMPLIANT', 1);
INSERT INTO planningentry (id, resource_id, shift_code, date, absence_type, comment, scenario_id) VALUES (88, 15, 1, '2025-11-09', NULL, 'AUTO-COMPLIANT', 1);
INSERT INTO planningentry (id, resource_id, shift_code, date, absence_type, comment, scenario_id) VALUES (89, 2, 1, '2025-11-09', NULL, 'AUTO-COMPLIANT', 1);
INSERT INTO planningentry (id, resource_id, shift_code, date, absence_type, comment, scenario_id) VALUES (90, 5, 1, '2025-11-09', NULL, 'AUTO-COMPLIANT', 1);
INSERT INTO planningentry (id, resource_id, shift_code, date, absence_type, comment, scenario_id) VALUES (91, 14, 1, '2025-11-09', NULL, 'AUTO-COMPLIANT', 1);
INSERT INTO planningentry (id, resource_id, shift_code, date, absence_type, comment, scenario_id) VALUES (92, 12, 10, '2025-11-09', NULL, 'AUTO-COMPLIANT', 1);
INSERT INTO planningentry (id, resource_id, shift_code, date, absence_type, comment, scenario_id) VALUES (93, 3, NULL, '2025-11-09', 'rest_day', 'AUTO-COMPLIANT', 1);
INSERT INTO planningentry (id, resource_id, shift_code, date, absence_type, comment, scenario_id) VALUES (94, 11, 10, '2025-11-10', NULL, 'AUTO-COMPLIANT', 1);
INSERT INTO planningentry (id, resource_id, shift_code, date, absence_type, comment, scenario_id) VALUES (95, 9, 8, '2025-11-10', NULL, 'AUTO-COMPLIANT', 1);
INSERT INTO planningentry (id, resource_id, shift_code, date, absence_type, comment, scenario_id) VALUES (96, 8, 8, '2025-11-10', NULL, 'AUTO-COMPLIANT', 1);
INSERT INTO planningentry (id, resource_id, shift_code, date, absence_type, comment, scenario_id) VALUES (97, 13, 1, '2025-11-10', NULL, 'AUTO-COMPLIANT', 1);
INSERT INTO planningentry (id, resource_id, shift_code, date, absence_type, comment, scenario_id) VALUES (98, 3, 1, '2025-11-10', NULL, 'AUTO-COMPLIANT', 1);
INSERT INTO planningentry (id, resource_id, shift_code, date, absence_type, comment, scenario_id) VALUES (99, 15, 1, '2025-11-10', NULL, 'AUTO-COMPLIANT', 1);
INSERT INTO planningentry (id, resource_id, shift_code, date, absence_type, comment, scenario_id) VALUES (100, 1, 1, '2025-11-10', NULL, 'AUTO-COMPLIANT', 1);
INSERT INTO planningentry (id, resource_id, shift_code, date, absence_type, comment, scenario_id) VALUES (101, 2, 1, '2025-11-10', NULL, 'AUTO-COMPLIANT', 1);
INSERT INTO planningentry (id, resource_id, shift_code, date, absence_type, comment, scenario_id) VALUES (102, 5, 1, '2025-11-10', NULL, 'AUTO-COMPLIANT', 1);
INSERT INTO planningentry (id, resource_id, shift_code, date, absence_type, comment, scenario_id) VALUES (103, 4, NULL, '2025-11-10', 'rest_day', 'AUTO-COMPLIANT', 1);
INSERT INTO planningentry (id, resource_id, shift_code, date, absence_type, comment, scenario_id) VALUES (104, 12, 10, '2025-11-11', NULL, 'AUTO-COMPLIANT', 1);
INSERT INTO planningentry (id, resource_id, shift_code, date, absence_type, comment, scenario_id) VALUES (105, 10, 8, '2025-11-11', NULL, 'AUTO-COMPLIANT', 1);
INSERT INTO planningentry (id, resource_id, shift_code, date, absence_type, comment, scenario_id) VALUES (106, 8, 8, '2025-11-11', NULL, 'AUTO-COMPLIANT', 1);
INSERT INTO planningentry (id, resource_id, shift_code, date, absence_type, comment, scenario_id) VALUES (107, 14, 1, '2025-11-11', NULL, 'AUTO-COMPLIANT', 1);
INSERT INTO planningentry (id, resource_id, shift_code, date, absence_type, comment, scenario_id) VALUES (108, 6, 1, '2025-11-11', NULL, 'AUTO-COMPLIANT', 1);
INSERT INTO planningentry (id, resource_id, shift_code, date, absence_type, comment, scenario_id) VALUES (109, 7, 1, '2025-11-11', NULL, 'AUTO-COMPLIANT', 1);
INSERT INTO planningentry (id, resource_id, shift_code, date, absence_type, comment, scenario_id) VALUES (110, 3, 1, '2025-11-11', NULL, 'AUTO-COMPLIANT', 1);
INSERT INTO planningentry (id, resource_id, shift_code, date, absence_type, comment, scenario_id) VALUES (111, 15, 1, '2025-11-11', NULL, 'AUTO-COMPLIANT', 1);
INSERT INTO planningentry (id, resource_id, shift_code, date, absence_type, comment, scenario_id) VALUES (112, 1, 1, '2025-11-11', NULL, 'AUTO-COMPLIANT', 1);
INSERT INTO planningentry (id, resource_id, shift_code, date, absence_type, comment, scenario_id) VALUES (113, 9, NULL, '2025-11-11', 'rest_day', 'AUTO-COMPLIANT', 1);
INSERT INTO planningentry (id, resource_id, shift_code, date, absence_type, comment, scenario_id) VALUES (114, 4, NULL, '2025-11-11', 'rest_day', 'AUTO-COMPLIANT', 1);
INSERT INTO planningentry (id, resource_id, shift_code, date, absence_type, comment, scenario_id) VALUES (115, 11, 10, '2025-11-12', NULL, 'AUTO-COMPLIANT', 1);
INSERT INTO planningentry (id, resource_id, shift_code, date, absence_type, comment, scenario_id) VALUES (116, 10, 8, '2025-11-12', NULL, 'AUTO-COMPLIANT', 1);
INSERT INTO planningentry (id, resource_id, shift_code, date, absence_type, comment, scenario_id) VALUES (117, 8, 8, '2025-11-12', NULL, 'AUTO-COMPLIANT', 1);
INSERT INTO planningentry (id, resource_id, shift_code, date, absence_type, comment, scenario_id) VALUES (118, 13, 1, '2025-11-12', NULL, 'AUTO-COMPLIANT', 1);
INSERT INTO planningentry (id, resource_id, shift_code, date, absence_type, comment, scenario_id) VALUES (119, 4, 1, '2025-11-12', NULL, 'AUTO-COMPLIANT', 1);
INSERT INTO planningentry (id, resource_id, shift_code, date, absence_type, comment, scenario_id) VALUES (120, 2, 1, '2025-11-12', NULL, 'AUTO-COMPLIANT', 1);
INSERT INTO planningentry (id, resource_id, shift_code, date, absence_type, comment, scenario_id) VALUES (121, 5, 1, '2025-11-12', NULL, 'AUTO-COMPLIANT', 1);
INSERT INTO planningentry (id, resource_id, shift_code, date, absence_type, comment, scenario_id) VALUES (122, 6, 1, '2025-11-12', NULL, 'AUTO-COMPLIANT', 1);
INSERT INTO planningentry (id, resource_id, shift_code, date, absence_type, comment, scenario_id) VALUES (123, 7, 1, '2025-11-12', NULL, 'AUTO-COMPLIANT', 1);
INSERT INTO planningentry (id, resource_id, shift_code, date, absence_type, comment, scenario_id) VALUES (124, 9, NULL, '2025-11-12', 'rest_day', 'AUTO-COMPLIANT', 1);
INSERT INTO planningentry (id, resource_id, shift_code, date, absence_type, comment, scenario_id) VALUES (125, 12, 10, '2025-11-13', NULL, 'AUTO-COMPLIANT', 1);
INSERT INTO planningentry (id, resource_id, shift_code, date, absence_type, comment, scenario_id) VALUES (126, 9, 8, '2025-11-13', NULL, 'AUTO-COMPLIANT', 1);
INSERT INTO planningentry (id, resource_id, shift_code, date, absence_type, comment, scenario_id) VALUES (127, 10, 8, '2025-11-13', NULL, 'AUTO-COMPLIANT', 1);
INSERT INTO planningentry (id, resource_id, shift_code, date, absence_type, comment, scenario_id) VALUES (128, 14, 1, '2025-11-13', NULL, 'AUTO-COMPLIANT', 1);
INSERT INTO planningentry (id, resource_id, shift_code, date, absence_type, comment, scenario_id) VALUES (129, 4, 1, '2025-11-13', NULL, 'AUTO-COMPLIANT', 1);
INSERT INTO planningentry (id, resource_id, shift_code, date, absence_type, comment, scenario_id) VALUES (130, 3, 1, '2025-11-13', NULL, 'AUTO-COMPLIANT', 1);
INSERT INTO planningentry (id, resource_id, shift_code, date, absence_type, comment, scenario_id) VALUES (131, 1, 1, '2025-11-13', NULL, 'AUTO-COMPLIANT', 1);
INSERT INTO planningentry (id, resource_id, shift_code, date, absence_type, comment, scenario_id) VALUES (132, 2, 1, '2025-11-13', NULL, 'AUTO-COMPLIANT', 1);
INSERT INTO planningentry (id, resource_id, shift_code, date, absence_type, comment, scenario_id) VALUES (133, 6, 1, '2025-11-13', NULL, 'AUTO-COMPLIANT', 1);
INSERT INTO planningentry (id, resource_id, shift_code, date, absence_type, comment, scenario_id) VALUES (134, 5, NULL, '2025-11-13', 'rest_day', 'AUTO-COMPLIANT', 1);
INSERT INTO planningentry (id, resource_id, shift_code, date, absence_type, comment, scenario_id) VALUES (135, 11, 10, '2025-11-14', NULL, 'AUTO-COMPLIANT', 1);
INSERT INTO planningentry (id, resource_id, shift_code, date, absence_type, comment, scenario_id) VALUES (136, 9, 8, '2025-11-14', NULL, 'AUTO-COMPLIANT', 1);
INSERT INTO planningentry (id, resource_id, shift_code, date, absence_type, comment, scenario_id) VALUES (137, 8, 8, '2025-11-14', NULL, 'AUTO-COMPLIANT', 1);
INSERT INTO planningentry (id, resource_id, shift_code, date, absence_type, comment, scenario_id) VALUES (138, 13, 1, '2025-11-14', NULL, 'AUTO-COMPLIANT', 1);
INSERT INTO planningentry (id, resource_id, shift_code, date, absence_type, comment, scenario_id) VALUES (139, 4, 1, '2025-11-14', NULL, 'AUTO-COMPLIANT', 1);
INSERT INTO planningentry (id, resource_id, shift_code, date, absence_type, comment, scenario_id) VALUES (140, 7, 1, '2025-11-14', NULL, 'AUTO-COMPLIANT', 1);
INSERT INTO planningentry (id, resource_id, shift_code, date, absence_type, comment, scenario_id) VALUES (141, 1, 1, '2025-11-14', NULL, 'AUTO-COMPLIANT', 1);
INSERT INTO planningentry (id, resource_id, shift_code, date, absence_type, comment, scenario_id) VALUES (142, 2, 1, '2025-11-14', NULL, 'AUTO-COMPLIANT', 1);
INSERT INTO planningentry (id, resource_id, shift_code, date, absence_type, comment, scenario_id) VALUES (143, 6, 1, '2025-11-14', NULL, 'AUTO-COMPLIANT', 1);
INSERT INTO planningentry (id, resource_id, shift_code, date, absence_type, comment, scenario_id) VALUES (144, 5, NULL, '2025-11-14', 'rest_day', 'AUTO-COMPLIANT', 1);
INSERT INTO planningentry (id, resource_id, shift_code, date, absence_type, comment, scenario_id) VALUES (145, 11, 10, '2025-11-15', NULL, 'AUTO-COMPLIANT', 1);
INSERT INTO planningentry (id, resource_id, shift_code, date, absence_type, comment, scenario_id) VALUES (146, 9, 8, '2025-11-15', NULL, 'AUTO-COMPLIANT', 1);
INSERT INTO planningentry (id, resource_id, shift_code, date, absence_type, comment, scenario_id) VALUES (147, 10, 8, '2025-11-15', NULL, 'AUTO-COMPLIANT', 1);
INSERT INTO planningentry (id, resource_id, shift_code, date, absence_type, comment, scenario_id) VALUES (148, 14, 1, '2025-11-15', NULL, 'AUTO-COMPLIANT', 1);
INSERT INTO planningentry (id, resource_id, shift_code, date, absence_type, comment, scenario_id) VALUES (149, 15, 1, '2025-11-15', NULL, 'AUTO-COMPLIANT', 1);
INSERT INTO planningentry (id, resource_id, shift_code, date, absence_type, comment, scenario_id) VALUES (150, 5, 1, '2025-11-15', NULL, 'AUTO-COMPLIANT', 1);
INSERT INTO planningentry (id, resource_id, shift_code, date, absence_type, comment, scenario_id) VALUES (151, 3, 1, '2025-11-15', NULL, 'AUTO-COMPLIANT', 1);
INSERT INTO planningentry (id, resource_id, shift_code, date, absence_type, comment, scenario_id) VALUES (152, 4, 1, '2025-11-15', NULL, 'AUTO-COMPLIANT', 1);
INSERT INTO planningentry (id, resource_id, shift_code, date, absence_type, comment, scenario_id) VALUES (153, 7, 1, '2025-11-15', NULL, 'AUTO-COMPLIANT', 1);
INSERT INTO planningentry (id, resource_id, shift_code, date, absence_type, comment, scenario_id) VALUES (154, 12, NULL, '2025-11-15', 'rest_day', 'AUTO-COMPLIANT', 1);
INSERT INTO planningentry (id, resource_id, shift_code, date, absence_type, comment, scenario_id) VALUES (155, 11, 10, '2025-11-16', NULL, 'AUTO-COMPLIANT', 1);
INSERT INTO planningentry (id, resource_id, shift_code, date, absence_type, comment, scenario_id) VALUES (156, 9, 8, '2025-11-16', NULL, 'AUTO-COMPLIANT', 1);
INSERT INTO planningentry (id, resource_id, shift_code, date, absence_type, comment, scenario_id) VALUES (157, 8, 8, '2025-11-16', NULL, 'AUTO-COMPLIANT', 1);
INSERT INTO planningentry (id, resource_id, shift_code, date, absence_type, comment, scenario_id) VALUES (158, 13, 1, '2025-11-16', NULL, 'AUTO-COMPLIANT', 1);
INSERT INTO planningentry (id, resource_id, shift_code, date, absence_type, comment, scenario_id) VALUES (159, 15, 1, '2025-11-16', NULL, 'AUTO-COMPLIANT', 1);
INSERT INTO planningentry (id, resource_id, shift_code, date, absence_type, comment, scenario_id) VALUES (160, 5, 1, '2025-11-16', NULL, 'AUTO-COMPLIANT', 1);
INSERT INTO planningentry (id, resource_id, shift_code, date, absence_type, comment, scenario_id) VALUES (161, 3, 1, '2025-11-16', NULL, 'AUTO-COMPLIANT', 1);
INSERT INTO planningentry (id, resource_id, shift_code, date, absence_type, comment, scenario_id) VALUES (162, 1, 1, '2025-11-16', NULL, 'AUTO-COMPLIANT', 1);
INSERT INTO planningentry (id, resource_id, shift_code, date, absence_type, comment, scenario_id) VALUES (163, 2, 1, '2025-11-16', NULL, 'AUTO-COMPLIANT', 1);
INSERT INTO planningentry (id, resource_id, shift_code, date, absence_type, comment, scenario_id) VALUES (164, 12, NULL, '2025-11-16', 'rest_day', 'AUTO-COMPLIANT', 1);
INSERT INTO planningentry (id, resource_id, shift_code, date, absence_type, comment, scenario_id) VALUES (165, 6, NULL, '2025-11-16', 'rest_day', 'AUTO-COMPLIANT', 1);
INSERT INTO planningentry (id, resource_id, shift_code, date, absence_type, comment, scenario_id) VALUES (166, 12, 10, '2025-11-17', NULL, 'AUTO-COMPLIANT', 1);
INSERT INTO planningentry (id, resource_id, shift_code, date, absence_type, comment, scenario_id) VALUES (167, 9, 8, '2025-11-17', NULL, 'AUTO-COMPLIANT', 1);
INSERT INTO planningentry (id, resource_id, shift_code, date, absence_type, comment, scenario_id) VALUES (168, 8, 8, '2025-11-17', NULL, 'AUTO-COMPLIANT', 1);
INSERT INTO planningentry (id, resource_id, shift_code, date, absence_type, comment, scenario_id) VALUES (169, 13, 1, '2025-11-17', NULL, 'AUTO-COMPLIANT', 1);
INSERT INTO planningentry (id, resource_id, shift_code, date, absence_type, comment, scenario_id) VALUES (170, 15, 1, '2025-11-17', NULL, 'AUTO-COMPLIANT', 1);
INSERT INTO planningentry (id, resource_id, shift_code, date, absence_type, comment, scenario_id) VALUES (171, 3, 1, '2025-11-17', NULL, 'AUTO-COMPLIANT', 1);
INSERT INTO planningentry (id, resource_id, shift_code, date, absence_type, comment, scenario_id) VALUES (172, 4, 1, '2025-11-17', NULL, 'AUTO-COMPLIANT', 1);
INSERT INTO planningentry (id, resource_id, shift_code, date, absence_type, comment, scenario_id) VALUES (173, 5, 1, '2025-11-17', NULL, 'AUTO-COMPLIANT', 1);
INSERT INTO planningentry (id, resource_id, shift_code, date, absence_type, comment, scenario_id) VALUES (174, 7, 1, '2025-11-17', NULL, 'AUTO-COMPLIANT', 1);
INSERT INTO planningentry (id, resource_id, shift_code, date, absence_type, comment, scenario_id) VALUES (175, 10, NULL, '2025-11-17', 'rest_day', 'AUTO-COMPLIANT', 1);
INSERT INTO planningentry (id, resource_id, shift_code, date, absence_type, comment, scenario_id) VALUES (176, 6, NULL, '2025-11-17', 'rest_day', 'AUTO-COMPLIANT', 1);
INSERT INTO planningentry (id, resource_id, shift_code, date, absence_type, comment, scenario_id) VALUES (177, 11, 10, '2025-11-18', NULL, 'AUTO-COMPLIANT', 1);
INSERT INTO planningentry (id, resource_id, shift_code, date, absence_type, comment, scenario_id) VALUES (178, 9, 8, '2025-11-18', NULL, 'AUTO-COMPLIANT', 1);
INSERT INTO planningentry (id, resource_id, shift_code, date, absence_type, comment, scenario_id) VALUES (179, 8, 8, '2025-11-18', NULL, 'AUTO-COMPLIANT', 1);
INSERT INTO planningentry (id, resource_id, shift_code, date, absence_type, comment, scenario_id) VALUES (180, 14, 1, '2025-11-18', NULL, 'AUTO-COMPLIANT', 1);
INSERT INTO planningentry (id, resource_id, shift_code, date, absence_type, comment, scenario_id) VALUES (181, 6, 1, '2025-11-18', NULL, 'AUTO-COMPLIANT', 1);
INSERT INTO planningentry (id, resource_id, shift_code, date, absence_type, comment, scenario_id) VALUES (182, 1, 1, '2025-11-18', NULL, 'AUTO-COMPLIANT', 1);
INSERT INTO planningentry (id, resource_id, shift_code, date, absence_type, comment, scenario_id) VALUES (183, 2, 1, '2025-11-18', NULL, 'AUTO-COMPLIANT', 1);
INSERT INTO planningentry (id, resource_id, shift_code, date, absence_type, comment, scenario_id) VALUES (184, 15, 1, '2025-11-18', NULL, 'AUTO-COMPLIANT', 1);
INSERT INTO planningentry (id, resource_id, shift_code, date, absence_type, comment, scenario_id) VALUES (185, 3, 1, '2025-11-18', NULL, 'AUTO-COMPLIANT', 1);
INSERT INTO planningentry (id, resource_id, shift_code, date, absence_type, comment, scenario_id) VALUES (186, 10, NULL, '2025-11-18', 'rest_day', 'AUTO-COMPLIANT', 1);
INSERT INTO planningentry (id, resource_id, shift_code, date, absence_type, comment, scenario_id) VALUES (187, 12, 10, '2025-11-19', NULL, 'AUTO-COMPLIANT', 1);
INSERT INTO planningentry (id, resource_id, shift_code, date, absence_type, comment, scenario_id) VALUES (188, 10, 8, '2025-11-19', NULL, 'AUTO-COMPLIANT', 1);
INSERT INTO planningentry (id, resource_id, shift_code, date, absence_type, comment, scenario_id) VALUES (189, 8, 8, '2025-11-19', NULL, 'AUTO-COMPLIANT', 1);
INSERT INTO planningentry (id, resource_id, shift_code, date, absence_type, comment, scenario_id) VALUES (190, 13, 1, '2025-11-19', NULL, 'AUTO-COMPLIANT', 1);
INSERT INTO planningentry (id, resource_id, shift_code, date, absence_type, comment, scenario_id) VALUES (191, 4, 1, '2025-11-19', NULL, 'AUTO-COMPLIANT', 1);
INSERT INTO planningentry (id, resource_id, shift_code, date, absence_type, comment, scenario_id) VALUES (192, 5, 1, '2025-11-19', NULL, 'AUTO-COMPLIANT', 1);
INSERT INTO planningentry (id, resource_id, shift_code, date, absence_type, comment, scenario_id) VALUES (193, 6, 1, '2025-11-19', NULL, 'AUTO-COMPLIANT', 1);
INSERT INTO planningentry (id, resource_id, shift_code, date, absence_type, comment, scenario_id) VALUES (194, 1, 1, '2025-11-19', NULL, 'AUTO-COMPLIANT', 1);
INSERT INTO planningentry (id, resource_id, shift_code, date, absence_type, comment, scenario_id) VALUES (195, 2, 1, '2025-11-19', NULL, 'AUTO-COMPLIANT', 1);
INSERT INTO planningentry (id, resource_id, shift_code, date, absence_type, comment, scenario_id) VALUES (196, 7, NULL, '2025-11-19', 'rest_day', 'AUTO-COMPLIANT', 1);
INSERT INTO planningentry (id, resource_id, shift_code, date, absence_type, comment, scenario_id) VALUES (197, 11, 10, '2025-11-20', NULL, 'AUTO-COMPLIANT', 1);
INSERT INTO planningentry (id, resource_id, shift_code, date, absence_type, comment, scenario_id) VALUES (198, 10, 8, '2025-11-20', NULL, 'AUTO-COMPLIANT', 1);
INSERT INTO planningentry (id, resource_id, shift_code, date, absence_type, comment, scenario_id) VALUES (199, 9, 8, '2025-11-20', NULL, 'AUTO-COMPLIANT', 1);
INSERT INTO planningentry (id, resource_id, shift_code, date, absence_type, comment, scenario_id) VALUES (200, 14, 1, '2025-11-20', NULL, 'AUTO-COMPLIANT', 1);
INSERT INTO planningentry (id, resource_id, shift_code, date, absence_type, comment, scenario_id) VALUES (201, 3, 1, '2025-11-20', NULL, 'AUTO-COMPLIANT', 1);
INSERT INTO planningentry (id, resource_id, shift_code, date, absence_type, comment, scenario_id) VALUES (202, 4, 1, '2025-11-20', NULL, 'AUTO-COMPLIANT', 1);
INSERT INTO planningentry (id, resource_id, shift_code, date, absence_type, comment, scenario_id) VALUES (203, 5, 1, '2025-11-20', NULL, 'AUTO-COMPLIANT', 1);
INSERT INTO planningentry (id, resource_id, shift_code, date, absence_type, comment, scenario_id) VALUES (204, 6, 1, '2025-11-20', NULL, 'AUTO-COMPLIANT', 1);
INSERT INTO planningentry (id, resource_id, shift_code, date, absence_type, comment, scenario_id) VALUES (205, 1, 1, '2025-11-20', NULL, 'AUTO-COMPLIANT', 1);
INSERT INTO planningentry (id, resource_id, shift_code, date, absence_type, comment, scenario_id) VALUES (206, 7, NULL, '2025-11-20', 'rest_day', 'AUTO-COMPLIANT', 1);
INSERT INTO planningentry (id, resource_id, shift_code, date, absence_type, comment, scenario_id) VALUES (207, 12, 10, '2025-11-21', NULL, 'AUTO-COMPLIANT', 1);
INSERT INTO planningentry (id, resource_id, shift_code, date, absence_type, comment, scenario_id) VALUES (208, 10, 8, '2025-11-21', NULL, 'AUTO-COMPLIANT', 1);
INSERT INTO planningentry (id, resource_id, shift_code, date, absence_type, comment, scenario_id) VALUES (209, 9, 8, '2025-11-21', NULL, 'AUTO-COMPLIANT', 1);
INSERT INTO planningentry (id, resource_id, shift_code, date, absence_type, comment, scenario_id) VALUES (210, 13, 1, '2025-11-21', NULL, 'AUTO-COMPLIANT', 1);
INSERT INTO planningentry (id, resource_id, shift_code, date, absence_type, comment, scenario_id) VALUES (211, 7, 1, '2025-11-21', NULL, 'AUTO-COMPLIANT', 1);
INSERT INTO planningentry (id, resource_id, shift_code, date, absence_type, comment, scenario_id) VALUES (212, 2, 1, '2025-11-21', NULL, 'AUTO-COMPLIANT', 1);
INSERT INTO planningentry (id, resource_id, shift_code, date, absence_type, comment, scenario_id) VALUES (213, 4, 1, '2025-11-21', NULL, 'AUTO-COMPLIANT', 1);
INSERT INTO planningentry (id, resource_id, shift_code, date, absence_type, comment, scenario_id) VALUES (214, 6, 1, '2025-11-21', NULL, 'AUTO-COMPLIANT', 1);
INSERT INTO planningentry (id, resource_id, shift_code, date, absence_type, comment, scenario_id) VALUES (215, 1, 1, '2025-11-21', NULL, 'AUTO-COMPLIANT', 1);
INSERT INTO planningentry (id, resource_id, shift_code, date, absence_type, comment, scenario_id) VALUES (216, 15, NULL, '2025-11-21', 'rest_day', 'AUTO-COMPLIANT', 1);
INSERT INTO planningentry (id, resource_id, shift_code, date, absence_type, comment, scenario_id) VALUES (217, 11, 10, '2025-11-22', NULL, 'AUTO-COMPLIANT', 1);
INSERT INTO planningentry (id, resource_id, shift_code, date, absence_type, comment, scenario_id) VALUES (218, 10, 8, '2025-11-22', NULL, 'AUTO-COMPLIANT', 1);
INSERT INTO planningentry (id, resource_id, shift_code, date, absence_type, comment, scenario_id) VALUES (219, 8, 8, '2025-11-22', NULL, 'AUTO-COMPLIANT', 1);
INSERT INTO planningentry (id, resource_id, shift_code, date, absence_type, comment, scenario_id) VALUES (220, 14, 1, '2025-11-22', NULL, 'AUTO-COMPLIANT', 1);
INSERT INTO planningentry (id, resource_id, shift_code, date, absence_type, comment, scenario_id) VALUES (221, 7, 1, '2025-11-22', NULL, 'AUTO-COMPLIANT', 1);
INSERT INTO planningentry (id, resource_id, shift_code, date, absence_type, comment, scenario_id) VALUES (222, 3, 1, '2025-11-22', NULL, 'AUTO-COMPLIANT', 1);
INSERT INTO planningentry (id, resource_id, shift_code, date, absence_type, comment, scenario_id) VALUES (223, 5, 1, '2025-11-22', NULL, 'AUTO-COMPLIANT', 1);
INSERT INTO planningentry (id, resource_id, shift_code, date, absence_type, comment, scenario_id) VALUES (224, 2, 1, '2025-11-22', NULL, 'AUTO-COMPLIANT', 1);
INSERT INTO planningentry (id, resource_id, shift_code, date, absence_type, comment, scenario_id) VALUES (225, 4, 1, '2025-11-22', NULL, 'AUTO-COMPLIANT', 1);
INSERT INTO planningentry (id, resource_id, shift_code, date, absence_type, comment, scenario_id) VALUES (226, 15, NULL, '2025-11-22', 'rest_day', 'AUTO-COMPLIANT', 1);
INSERT INTO planningentry (id, resource_id, shift_code, date, absence_type, comment, scenario_id) VALUES (227, 12, 10, '2025-11-23', NULL, 'AUTO-COMPLIANT', 1);
INSERT INTO planningentry (id, resource_id, shift_code, date, absence_type, comment, scenario_id) VALUES (228, 9, 8, '2025-11-23', NULL, 'AUTO-COMPLIANT', 1);
INSERT INTO planningentry (id, resource_id, shift_code, date, absence_type, comment, scenario_id) VALUES (229, 10, 8, '2025-11-23', NULL, 'AUTO-COMPLIANT', 1);
INSERT INTO planningentry (id, resource_id, shift_code, date, absence_type, comment, scenario_id) VALUES (230, 13, 1, '2025-11-23', NULL, 'AUTO-COMPLIANT', 1);
INSERT INTO planningentry (id, resource_id, shift_code, date, absence_type, comment, scenario_id) VALUES (231, 15, 1, '2025-11-23', NULL, 'AUTO-COMPLIANT', 1);
INSERT INTO planningentry (id, resource_id, shift_code, date, absence_type, comment, scenario_id) VALUES (232, 7, 1, '2025-11-23', NULL, 'AUTO-COMPLIANT', 1);
INSERT INTO planningentry (id, resource_id, shift_code, date, absence_type, comment, scenario_id) VALUES (233, 3, 1, '2025-11-23', NULL, 'AUTO-COMPLIANT', 1);
INSERT INTO planningentry (id, resource_id, shift_code, date, absence_type, comment, scenario_id) VALUES (234, 5, 1, '2025-11-23', NULL, 'AUTO-COMPLIANT', 1);
INSERT INTO planningentry (id, resource_id, shift_code, date, absence_type, comment, scenario_id) VALUES (235, 6, 1, '2025-11-23', NULL, 'AUTO-COMPLIANT', 1);
INSERT INTO planningentry (id, resource_id, shift_code, date, absence_type, comment, scenario_id) VALUES (236, 14, NULL, '2025-11-23', 'rest_day', 'AUTO-COMPLIANT', 1);
INSERT INTO planningentry (id, resource_id, shift_code, date, absence_type, comment, scenario_id) VALUES (237, 11, 10, '2025-11-24', NULL, 'AUTO-COMPLIANT', 1);
INSERT INTO planningentry (id, resource_id, shift_code, date, absence_type, comment, scenario_id) VALUES (238, 9, 8, '2025-11-24', NULL, 'AUTO-COMPLIANT', 1);
INSERT INTO planningentry (id, resource_id, shift_code, date, absence_type, comment, scenario_id) VALUES (239, 8, 8, '2025-11-24', NULL, 'AUTO-COMPLIANT', 1);
INSERT INTO planningentry (id, resource_id, shift_code, date, absence_type, comment, scenario_id) VALUES (240, 13, 1, '2025-11-24', NULL, 'AUTO-COMPLIANT', 1);
INSERT INTO planningentry (id, resource_id, shift_code, date, absence_type, comment, scenario_id) VALUES (241, 15, 1, '2025-11-24', NULL, 'AUTO-COMPLIANT', 1);
INSERT INTO planningentry (id, resource_id, shift_code, date, absence_type, comment, scenario_id) VALUES (242, 7, 1, '2025-11-24', NULL, 'AUTO-COMPLIANT', 1);
INSERT INTO planningentry (id, resource_id, shift_code, date, absence_type, comment, scenario_id) VALUES (243, 1, 1, '2025-11-24', NULL, 'AUTO-COMPLIANT', 1);
INSERT INTO planningentry (id, resource_id, shift_code, date, absence_type, comment, scenario_id) VALUES (244, 2, 1, '2025-11-24', NULL, 'AUTO-COMPLIANT', 1);
INSERT INTO planningentry (id, resource_id, shift_code, date, absence_type, comment, scenario_id) VALUES (245, 3, 1, '2025-11-24', NULL, 'AUTO-COMPLIANT', 1);
INSERT INTO planningentry (id, resource_id, shift_code, date, absence_type, comment, scenario_id) VALUES (246, 14, NULL, '2025-11-24', 'rest_day', 'AUTO-COMPLIANT', 1);
INSERT INTO planningentry (id, resource_id, shift_code, date, absence_type, comment, scenario_id) VALUES (247, 12, 10, '2025-11-25', NULL, 'AUTO-COMPLIANT', 1);
INSERT INTO planningentry (id, resource_id, shift_code, date, absence_type, comment, scenario_id) VALUES (248, 10, 8, '2025-11-25', NULL, 'AUTO-COMPLIANT', 1);
INSERT INTO planningentry (id, resource_id, shift_code, date, absence_type, comment, scenario_id) VALUES (249, 9, 8, '2025-11-25', NULL, 'AUTO-COMPLIANT', 1);
INSERT INTO planningentry (id, resource_id, shift_code, date, absence_type, comment, scenario_id) VALUES (250, 14, 1, '2025-11-25', NULL, 'AUTO-COMPLIANT', 1);
INSERT INTO planningentry (id, resource_id, shift_code, date, absence_type, comment, scenario_id) VALUES (251, 4, 1, '2025-11-25', NULL, 'AUTO-COMPLIANT', 1);
INSERT INTO planningentry (id, resource_id, shift_code, date, absence_type, comment, scenario_id) VALUES (252, 5, 1, '2025-11-25', NULL, 'AUTO-COMPLIANT', 1);
INSERT INTO planningentry (id, resource_id, shift_code, date, absence_type, comment, scenario_id) VALUES (253, 6, 1, '2025-11-25', NULL, 'AUTO-COMPLIANT', 1);
INSERT INTO planningentry (id, resource_id, shift_code, date, absence_type, comment, scenario_id) VALUES (254, 15, 1, '2025-11-25', NULL, 'AUTO-COMPLIANT', 1);
INSERT INTO planningentry (id, resource_id, shift_code, date, absence_type, comment, scenario_id) VALUES (255, 7, 1, '2025-11-25', NULL, 'AUTO-COMPLIANT', 1);
INSERT INTO planningentry (id, resource_id, shift_code, date, absence_type, comment, scenario_id) VALUES (256, 11, 10, '2025-11-26', NULL, 'AUTO-COMPLIANT', 1);
INSERT INTO planningentry (id, resource_id, shift_code, date, absence_type, comment, scenario_id) VALUES (257, 8, 8, '2025-11-26', NULL, 'AUTO-COMPLIANT', 1);
INSERT INTO planningentry (id, resource_id, shift_code, date, absence_type, comment, scenario_id) VALUES (258, 10, 8, '2025-11-26', NULL, 'AUTO-COMPLIANT', 1);
INSERT INTO planningentry (id, resource_id, shift_code, date, absence_type, comment, scenario_id) VALUES (259, 13, 1, '2025-11-26', NULL, 'AUTO-COMPLIANT', 1);
INSERT INTO planningentry (id, resource_id, shift_code, date, absence_type, comment, scenario_id) VALUES (260, 1, 1, '2025-11-26', NULL, 'AUTO-COMPLIANT', 1);
INSERT INTO planningentry (id, resource_id, shift_code, date, absence_type, comment, scenario_id) VALUES (261, 2, 1, '2025-11-26', NULL, 'AUTO-COMPLIANT', 1);
INSERT INTO planningentry (id, resource_id, shift_code, date, absence_type, comment, scenario_id) VALUES (262, 3, 1, '2025-11-26', NULL, 'AUTO-COMPLIANT', 1);
INSERT INTO planningentry (id, resource_id, shift_code, date, absence_type, comment, scenario_id) VALUES (263, 4, 1, '2025-11-26', NULL, 'AUTO-COMPLIANT', 1);
INSERT INTO planningentry (id, resource_id, shift_code, date, absence_type, comment, scenario_id) VALUES (264, 5, 1, '2025-11-26', NULL, 'AUTO-COMPLIANT', 1);
INSERT INTO planningentry (id, resource_id, shift_code, date, absence_type, comment, scenario_id) VALUES (265, 12, 10, '2025-11-27', NULL, 'AUTO-COMPLIANT', 1);
INSERT INTO planningentry (id, resource_id, shift_code, date, absence_type, comment, scenario_id) VALUES (266, 9, 8, '2025-11-27', NULL, 'AUTO-COMPLIANT', 1);
INSERT INTO planningentry (id, resource_id, shift_code, date, absence_type, comment, scenario_id) VALUES (267, 8, 8, '2025-11-27', NULL, 'AUTO-COMPLIANT', 1);
INSERT INTO planningentry (id, resource_id, shift_code, date, absence_type, comment, scenario_id) VALUES (268, 14, 1, '2025-11-27', NULL, 'AUTO-COMPLIANT', 1);
INSERT INTO planningentry (id, resource_id, shift_code, date, absence_type, comment, scenario_id) VALUES (269, 6, 1, '2025-11-27', NULL, 'AUTO-COMPLIANT', 1);
INSERT INTO planningentry (id, resource_id, shift_code, date, absence_type, comment, scenario_id) VALUES (270, 7, 1, '2025-11-27', NULL, 'AUTO-COMPLIANT', 1);
INSERT INTO planningentry (id, resource_id, shift_code, date, absence_type, comment, scenario_id) VALUES (271, 1, 1, '2025-11-27', NULL, 'AUTO-COMPLIANT', 1);
INSERT INTO planningentry (id, resource_id, shift_code, date, absence_type, comment, scenario_id) VALUES (272, 2, 1, '2025-11-27', NULL, 'AUTO-COMPLIANT', 1);
INSERT INTO planningentry (id, resource_id, shift_code, date, absence_type, comment, scenario_id) VALUES (273, 3, 1, '2025-11-27', NULL, 'AUTO-COMPLIANT', 1);
INSERT INTO planningentry (id, resource_id, shift_code, date, absence_type, comment, scenario_id) VALUES (274, 11, 10, '2025-11-28', NULL, 'AUTO-COMPLIANT', 1);
INSERT INTO planningentry (id, resource_id, shift_code, date, absence_type, comment, scenario_id) VALUES (275, 10, 8, '2025-11-28', NULL, 'AUTO-COMPLIANT', 1);
INSERT INTO planningentry (id, resource_id, shift_code, date, absence_type, comment, scenario_id) VALUES (276, 9, 8, '2025-11-28', NULL, 'AUTO-COMPLIANT', 1);
INSERT INTO planningentry (id, resource_id, shift_code, date, absence_type, comment, scenario_id) VALUES (277, 13, 1, '2025-11-28', NULL, 'AUTO-COMPLIANT', 1);
INSERT INTO planningentry (id, resource_id, shift_code, date, absence_type, comment, scenario_id) VALUES (278, 4, 1, '2025-11-28', NULL, 'AUTO-COMPLIANT', 1);
INSERT INTO planningentry (id, resource_id, shift_code, date, absence_type, comment, scenario_id) VALUES (279, 6, 1, '2025-11-28', NULL, 'AUTO-COMPLIANT', 1);
INSERT INTO planningentry (id, resource_id, shift_code, date, absence_type, comment, scenario_id) VALUES (280, 7, 1, '2025-11-28', NULL, 'AUTO-COMPLIANT', 1);
INSERT INTO planningentry (id, resource_id, shift_code, date, absence_type, comment, scenario_id) VALUES (281, 1, 1, '2025-11-28', NULL, 'AUTO-COMPLIANT', 1);
INSERT INTO planningentry (id, resource_id, shift_code, date, absence_type, comment, scenario_id) VALUES (282, 2, 1, '2025-11-28', NULL, 'AUTO-COMPLIANT', 1);
INSERT INTO planningentry (id, resource_id, shift_code, date, absence_type, comment, scenario_id) VALUES (283, 12, 10, '2025-11-29', NULL, 'AUTO-COMPLIANT', 1);
INSERT INTO planningentry (id, resource_id, shift_code, date, absence_type, comment, scenario_id) VALUES (284, 8, 8, '2025-11-29', NULL, 'AUTO-COMPLIANT', 1);
INSERT INTO planningentry (id, resource_id, shift_code, date, absence_type, comment, scenario_id) VALUES (285, 10, 8, '2025-11-29', NULL, 'AUTO-COMPLIANT', 1);
INSERT INTO planningentry (id, resource_id, shift_code, date, absence_type, comment, scenario_id) VALUES (286, 14, 1, '2025-11-29', NULL, 'AUTO-COMPLIANT', 1);
INSERT INTO planningentry (id, resource_id, shift_code, date, absence_type, comment, scenario_id) VALUES (287, 15, 1, '2025-11-29', NULL, 'AUTO-COMPLIANT', 1);
INSERT INTO planningentry (id, resource_id, shift_code, date, absence_type, comment, scenario_id) VALUES (288, 5, 1, '2025-11-29', NULL, 'AUTO-COMPLIANT', 1);
INSERT INTO planningentry (id, resource_id, shift_code, date, absence_type, comment, scenario_id) VALUES (289, 3, 1, '2025-11-29', NULL, 'AUTO-COMPLIANT', 1);
INSERT INTO planningentry (id, resource_id, shift_code, date, absence_type, comment, scenario_id) VALUES (290, 4, 1, '2025-11-29', NULL, 'AUTO-COMPLIANT', 1);
INSERT INTO planningentry (id, resource_id, shift_code, date, absence_type, comment, scenario_id) VALUES (291, 6, 1, '2025-11-29', NULL, 'AUTO-COMPLIANT', 1);
INSERT INTO planningentry (id, resource_id, shift_code, date, absence_type, comment, scenario_id) VALUES (292, 11, 10, '2025-11-30', NULL, 'AUTO-COMPLIANT', 1);
INSERT INTO planningentry (id, resource_id, shift_code, date, absence_type, comment, scenario_id) VALUES (293, 9, 8, '2025-11-30', NULL, 'AUTO-COMPLIANT', 1);
INSERT INTO planningentry (id, resource_id, shift_code, date, absence_type, comment, scenario_id) VALUES (294, 8, 8, '2025-11-30', NULL, 'AUTO-COMPLIANT', 1);
INSERT INTO planningentry (id, resource_id, shift_code, date, absence_type, comment, scenario_id) VALUES (295, 13, 1, '2025-11-30', NULL, 'AUTO-COMPLIANT', 1);
INSERT INTO planningentry (id, resource_id, shift_code, date, absence_type, comment, scenario_id) VALUES (296, 15, 1, '2025-11-30', NULL, 'AUTO-COMPLIANT', 1);
INSERT INTO planningentry (id, resource_id, shift_code, date, absence_type, comment, scenario_id) VALUES (297, 5, 1, '2025-11-30', NULL, 'AUTO-COMPLIANT', 1);
INSERT INTO planningentry (id, resource_id, shift_code, date, absence_type, comment, scenario_id) VALUES (298, 7, 1, '2025-11-30', NULL, 'AUTO-COMPLIANT', 1);
INSERT INTO planningentry (id, resource_id, shift_code, date, absence_type, comment, scenario_id) VALUES (299, 1, 1, '2025-11-30', NULL, 'AUTO-COMPLIANT', 1);
INSERT INTO planningentry (id, resource_id, shift_code, date, absence_type, comment, scenario_id) VALUES (300, 2, 1, '2025-11-30', NULL, 'AUTO-COMPLIANT', 1);
COMMIT;
