BEGIN;
TRUNCATE TABLE planningentry, planversion, planscenario, monthlyparameters, resourceabsence, resource_monthly_balance, "resource", shiftprimerule, shift RESTART IDENTITY CASCADE;
INSERT INTO shift (code, description, start, "end", hours) VALUES (1, 'Standard morning shift', '07:00', '16:15', 9.25);
INSERT INTO shift (code, description, start, "end", hours) VALUES (4, 'Long shift', '07:15', '19:15', 12.0);
INSERT INTO shift (code, description, start, "end", hours) VALUES (8, 'Medium shift', '08:00', '17:15', 9.25);
INSERT INTO shift (code, description, start, "end", hours) VALUES (10, 'Late shift', '10:15', '19:30', 9.25);
INSERT INTO shift (code, description, start, "end", hours) VALUES (11, 'Standard morning shift (prime)', '08:00', '16:15', 8.25);
INSERT INTO shift (code, description, start, "end", hours) VALUES (18, 'Medium shift (prime)', '09:00', '17:15', 8.25);
INSERT INTO shift (code, description, start, "end", hours) VALUES (101, 'Late shift (prime)', '11:15', '19:30', 8.25);
INSERT INTO shiftprimerule (shift_code, allowed) VALUES (1, true);
INSERT INTO shiftprimerule (shift_code, allowed) VALUES (4, false);
INSERT INTO shiftprimerule (shift_code, allowed) VALUES (8, true);
INSERT INTO shiftprimerule (shift_code, allowed) VALUES (10, true);
INSERT INTO shiftprimerule (shift_code, allowed) VALUES (11, true);
INSERT INTO shiftprimerule (shift_code, allowed) VALUES (18, true);
INSERT INTO shiftprimerule (shift_code, allowed) VALUES (101, true);
INSERT INTO resource (id, name, role, availability_percent, contract_hours_per_month, preferred_days_off, vacation_days, language, notes, availability_template, preferred_shift_codes, undesired_shift_codes) VALUES (1, 'Alice Dupont', 'cook', 100, 160, NULL, NULL, 'fr', NULL, '[{"day": "monday", "is_available": true, "start_time": "07:15", "end_time": "19:15"}, {"day": "tuesday", "is_available": true, "start_time": "07:15", "end_time": "19:15"}, {"day": "wednesday", "is_available": true, "start_time": "07:15", "end_time": "19:15"}, {"day": "thursday", "is_available": true, "start_time": "07:15", "end_time": "19:15"}, {"day": "friday", "is_available": true, "start_time": "07:15", "end_time": "19:15"}, {"day": "saturday", "is_available": true, "start_time": "07:15", "end_time": "19:15"}, {"day": "sunday", "is_available": true, "start_time": "07:15", "end_time": "19:15"}]'::jsonb, '[1, 11, 8, 18]'::jsonb, '[10, 101]'::jsonb);
INSERT INTO resource (id, name, role, availability_percent, contract_hours_per_month, preferred_days_off, vacation_days, language, notes, availability_template, preferred_shift_codes, undesired_shift_codes) VALUES (2, 'Bastien Favre', 'cook', 100, 160, NULL, NULL, 'fr', NULL, '[{"day": "monday", "is_available": true, "start_time": "07:15", "end_time": "19:15"}, {"day": "tuesday", "is_available": true, "start_time": "07:15", "end_time": "19:15"}, {"day": "wednesday", "is_available": true, "start_time": "07:15", "end_time": "19:15"}, {"day": "thursday", "is_available": true, "start_time": "07:15", "end_time": "19:15"}, {"day": "friday", "is_available": true, "start_time": "07:15", "end_time": "19:15"}, {"day": "saturday", "is_available": true, "start_time": "07:15", "end_time": "19:15"}, {"day": "sunday", "is_available": true, "start_time": "07:15", "end_time": "19:15"}]'::jsonb, '[1, 11]'::jsonb, '[]'::jsonb);
INSERT INTO resource (id, name, role, availability_percent, contract_hours_per_month, preferred_days_off, vacation_days, language, notes, availability_template, preferred_shift_codes, undesired_shift_codes) VALUES (3, 'Camille Perret', 'cook', 90, 150, NULL, NULL, 'fr', NULL, '[{"day": "monday", "is_available": true, "start_time": "07:15", "end_time": "19:15"}, {"day": "tuesday", "is_available": true, "start_time": "07:15", "end_time": "19:15"}, {"day": "wednesday", "is_available": true, "start_time": "07:15", "end_time": "19:15"}, {"day": "thursday", "is_available": true, "start_time": "07:15", "end_time": "19:15"}, {"day": "friday", "is_available": false, "start_time": null, "end_time": null}, {"day": "saturday", "is_available": true, "start_time": "07:15", "end_time": "19:15"}, {"day": "sunday", "is_available": true, "start_time": "07:15", "end_time": "19:15"}]'::jsonb, '[11]'::jsonb, '[]'::jsonb);
INSERT INTO resource (id, name, role, availability_percent, contract_hours_per_month, preferred_days_off, vacation_days, language, notes, availability_template, preferred_shift_codes, undesired_shift_codes) VALUES (4, 'David Roux', 'cook', 100, 160, NULL, NULL, 'fr', NULL, '[{"day": "monday", "is_available": true, "start_time": "07:15", "end_time": "19:15"}, {"day": "tuesday", "is_available": true, "start_time": "07:15", "end_time": "19:15"}, {"day": "wednesday", "is_available": true, "start_time": "07:15", "end_time": "19:15"}, {"day": "thursday", "is_available": true, "start_time": "07:15", "end_time": "19:15"}, {"day": "friday", "is_available": true, "start_time": "07:15", "end_time": "19:15"}, {"day": "saturday", "is_available": true, "start_time": "07:15", "end_time": "19:15"}, {"day": "sunday", "is_available": true, "start_time": "07:15", "end_time": "19:15"}]'::jsonb, '[4]'::jsonb, '[1]'::jsonb);
INSERT INTO resource (id, name, role, availability_percent, contract_hours_per_month, preferred_days_off, vacation_days, language, notes, availability_template, preferred_shift_codes, undesired_shift_codes) VALUES (5, 'Estelle Girard', 'cook', 90, 140, NULL, NULL, 'fr', NULL, '[{"day": "monday", "is_available": true, "start_time": "07:15", "end_time": "19:15"}, {"day": "tuesday", "is_available": true, "start_time": "07:15", "end_time": "19:15"}, {"day": "wednesday", "is_available": true, "start_time": "07:15", "end_time": "19:15"}, {"day": "thursday", "is_available": true, "start_time": "07:15", "end_time": "19:15"}, {"day": "friday", "is_available": false, "start_time": null, "end_time": null}, {"day": "saturday", "is_available": true, "start_time": "07:15", "end_time": "19:15"}, {"day": "sunday", "is_available": true, "start_time": "07:15", "end_time": "19:15"}]'::jsonb, '[1, 11]'::jsonb, '[]'::jsonb);
INSERT INTO resource (id, name, role, availability_percent, contract_hours_per_month, preferred_days_off, vacation_days, language, notes, availability_template, preferred_shift_codes, undesired_shift_codes) VALUES (6, 'Félix Monod', 'cook', 100, 160, NULL, NULL, 'fr', NULL, '[{"day": "monday", "is_available": true, "start_time": "07:15", "end_time": "19:15"}, {"day": "tuesday", "is_available": true, "start_time": "07:15", "end_time": "19:15"}, {"day": "wednesday", "is_available": true, "start_time": "07:15", "end_time": "19:15"}, {"day": "thursday", "is_available": true, "start_time": "07:15", "end_time": "19:15"}, {"day": "friday", "is_available": true, "start_time": "07:15", "end_time": "19:15"}, {"day": "saturday", "is_available": true, "start_time": "07:15", "end_time": "19:15"}, {"day": "sunday", "is_available": true, "start_time": "07:15", "end_time": "19:15"}]'::jsonb, '[1, 11, 4]'::jsonb, '[]'::jsonb);
INSERT INTO resource (id, name, role, availability_percent, contract_hours_per_month, preferred_days_off, vacation_days, language, notes, availability_template, preferred_shift_codes, undesired_shift_codes) VALUES (7, 'Géraldine Weber', 'cook', 95, 150, NULL, NULL, 'fr', NULL, '[{"day": "monday", "is_available": true, "start_time": "07:15", "end_time": "19:15"}, {"day": "tuesday", "is_available": true, "start_time": "07:15", "end_time": "19:15"}, {"day": "wednesday", "is_available": true, "start_time": "07:15", "end_time": "19:15"}, {"day": "thursday", "is_available": true, "start_time": "07:15", "end_time": "19:15"}, {"day": "friday", "is_available": true, "start_time": "07:15", "end_time": "19:15"}, {"day": "saturday", "is_available": true, "start_time": "07:15", "end_time": "19:15"}, {"day": "sunday", "is_available": true, "start_time": "07:15", "end_time": "19:15"}]'::jsonb, '[1, 11]'::jsonb, '[]'::jsonb);
INSERT INTO resource (id, name, role, availability_percent, contract_hours_per_month, preferred_days_off, vacation_days, language, notes, availability_template, preferred_shift_codes, undesired_shift_codes) VALUES (8, 'Hugo Lambert', 'kitchen_assistant', 80, 128, NULL, NULL, 'fr', NULL, '[{"day": "monday", "is_available": true, "start_time": "07:15", "end_time": "19:15"}, {"day": "tuesday", "is_available": true, "start_time": "07:15", "end_time": "19:15"}, {"day": "wednesday", "is_available": true, "start_time": "07:15", "end_time": "19:15"}, {"day": "thursday", "is_available": true, "start_time": "07:15", "end_time": "19:15"}, {"day": "friday", "is_available": true, "start_time": "07:15", "end_time": "19:15"}, {"day": "saturday", "is_available": true, "start_time": "07:15", "end_time": "19:15"}, {"day": "sunday", "is_available": true, "start_time": "07:15", "end_time": "19:15"}]'::jsonb, '[]'::jsonb, '[]'::jsonb);
INSERT INTO resource (id, name, role, availability_percent, contract_hours_per_month, preferred_days_off, vacation_days, language, notes, availability_template, preferred_shift_codes, undesired_shift_codes) VALUES (9, 'Isabelle Morel', 'kitchen_assistant', 85, 130, NULL, NULL, 'fr', NULL, '[{"day": "monday", "is_available": true, "start_time": "07:15", "end_time": "19:15"}, {"day": "tuesday", "is_available": true, "start_time": "07:15", "end_time": "19:15"}, {"day": "wednesday", "is_available": true, "start_time": "07:15", "end_time": "19:15"}, {"day": "thursday", "is_available": true, "start_time": "07:15", "end_time": "19:15"}, {"day": "friday", "is_available": true, "start_time": "07:15", "end_time": "19:15"}, {"day": "saturday", "is_available": true, "start_time": "07:15", "end_time": "19:15"}, {"day": "sunday", "is_available": true, "start_time": "07:15", "end_time": "19:15"}]'::jsonb, '[8, 18, 10, 101]'::jsonb, '[]'::jsonb);
INSERT INTO resource (id, name, role, availability_percent, contract_hours_per_month, preferred_days_off, vacation_days, language, notes, availability_template, preferred_shift_codes, undesired_shift_codes) VALUES (10, 'Julien Mercier', 'kitchen_assistant', 75, 120, NULL, NULL, 'fr', NULL, '[{"day": "monday", "is_available": true, "start_time": "07:15", "end_time": "19:15"}, {"day": "tuesday", "is_available": true, "start_time": "07:15", "end_time": "19:15"}, {"day": "wednesday", "is_available": true, "start_time": "07:15", "end_time": "19:15"}, {"day": "thursday", "is_available": true, "start_time": "07:15", "end_time": "19:15"}, {"day": "friday", "is_available": true, "start_time": "07:15", "end_time": "19:15"}, {"day": "saturday", "is_available": true, "start_time": "07:15", "end_time": "19:15"}, {"day": "sunday", "is_available": true, "start_time": "07:15", "end_time": "19:15"}]'::jsonb, '[8, 18, 10, 101]'::jsonb, '[4]'::jsonb);
INSERT INTO resource (id, name, role, availability_percent, contract_hours_per_month, preferred_days_off, vacation_days, language, notes, availability_template, preferred_shift_codes, undesired_shift_codes) VALUES (11, 'Karim Senn', 'pot_washer', 100, 120, NULL, NULL, 'fr', NULL, '[{"day": "monday", "is_available": true, "start_time": "07:15", "end_time": "19:15"}, {"day": "tuesday", "is_available": true, "start_time": "07:15", "end_time": "19:15"}, {"day": "wednesday", "is_available": true, "start_time": "07:15", "end_time": "19:15"}, {"day": "thursday", "is_available": true, "start_time": "07:15", "end_time": "19:15"}, {"day": "friday", "is_available": true, "start_time": "07:15", "end_time": "19:15"}, {"day": "saturday", "is_available": true, "start_time": "07:15", "end_time": "19:15"}, {"day": "sunday", "is_available": true, "start_time": "07:15", "end_time": "19:15"}]'::jsonb, '[8, 18, 10, 101]'::jsonb, '[4]'::jsonb);
INSERT INTO resource (id, name, role, availability_percent, contract_hours_per_month, preferred_days_off, vacation_days, language, notes, availability_template, preferred_shift_codes, undesired_shift_codes) VALUES (12, 'Louise Hertig', 'pot_washer', 90, 110, NULL, NULL, 'fr', NULL, '[{"day": "monday", "is_available": true, "start_time": "07:15", "end_time": "19:15"}, {"day": "tuesday", "is_available": true, "start_time": "07:15", "end_time": "19:15"}, {"day": "wednesday", "is_available": true, "start_time": "07:15", "end_time": "19:15"}, {"day": "thursday", "is_available": true, "start_time": "07:15", "end_time": "19:15"}, {"day": "friday", "is_available": true, "start_time": "07:15", "end_time": "19:15"}, {"day": "saturday", "is_available": true, "start_time": "07:15", "end_time": "19:15"}, {"day": "sunday", "is_available": true, "start_time": "07:15", "end_time": "19:15"}]'::jsonb, '[8, 18, 10, 101]'::jsonb, '[]'::jsonb);
INSERT INTO resource (id, name, role, availability_percent, contract_hours_per_month, preferred_days_off, vacation_days, language, notes, availability_template, preferred_shift_codes, undesired_shift_codes) VALUES (13, 'Maël Schneider', 'apprentice', 60, 100, NULL, NULL, 'fr', NULL, '[{"day": "monday", "is_available": true, "start_time": "07:15", "end_time": "19:15"}, {"day": "tuesday", "is_available": true, "start_time": "07:15", "end_time": "19:15"}, {"day": "wednesday", "is_available": true, "start_time": "07:15", "end_time": "19:15"}, {"day": "thursday", "is_available": true, "start_time": "07:15", "end_time": "19:15"}, {"day": "friday", "is_available": true, "start_time": "07:15", "end_time": "19:15"}]'::jsonb, '[1]'::jsonb, '[]'::jsonb);
INSERT INTO resource (id, name, role, availability_percent, contract_hours_per_month, preferred_days_off, vacation_days, language, notes, availability_template, preferred_shift_codes, undesired_shift_codes) VALUES (14, 'Nina Clément', 'apprentice', 70, 110, NULL, NULL, 'fr', NULL, '[{"day": "monday", "is_available": true, "start_time": "07:15", "end_time": "19:15"}, {"day": "tuesday", "is_available": true, "start_time": "07:15", "end_time": "19:15"}, {"day": "wednesday", "is_available": true, "start_time": "07:15", "end_time": "19:15"}, {"day": "thursday", "is_available": true, "start_time": "07:15", "end_time": "19:15"}, {"day": "friday", "is_available": true, "start_time": "07:15", "end_time": "19:15"}]'::jsonb, '[]'::jsonb, '[]'::jsonb);
INSERT INTO resource (id, name, role, availability_percent, contract_hours_per_month, preferred_days_off, vacation_days, language, notes, availability_template, preferred_shift_codes, undesired_shift_codes) VALUES (15, 'Olivier Rey', 'relief_cook', 50, 80, NULL, NULL, 'fr', NULL, '[{"day": "monday", "is_available": true, "start_time": "07:15", "end_time": "19:15"}, {"day": "tuesday", "is_available": true, "start_time": "07:15", "end_time": "19:15"}, {"day": "wednesday", "is_available": true, "start_time": "07:15", "end_time": "19:15"}, {"day": "thursday", "is_available": false, "start_time": null, "end_time": null}, {"day": "friday", "is_available": false, "start_time": null, "end_time": null}, {"day": "saturday", "is_available": true, "start_time": "07:15", "end_time": "19:15"}, {"day": "sunday", "is_available": true, "start_time": "07:15", "end_time": "19:15"}]'::jsonb, '[1, 11, 4]'::jsonb, '[]'::jsonb);
INSERT INTO resourceabsence (resource_id, start_date, end_date, absence_type, comment) VALUES (1, '2025-02-12', '2025-02-16', 'vacation', 'Vacation (demo)');
INSERT INTO resourceabsence (resource_id, start_date, end_date, absence_type, comment) VALUES (2, '2025-04-08', '2025-04-12', 'vacation', 'Vacation (demo)');
INSERT INTO resourceabsence (resource_id, start_date, end_date, absence_type, comment) VALUES (3, '2025-05-20', '2025-05-24', 'training', 'Training (demo)');
INSERT INTO resourceabsence (resource_id, start_date, end_date, absence_type, comment) VALUES (4, '2025-06-03', '2025-06-05', 'sick_leave', 'Sick Leave (demo)');
INSERT INTO resourceabsence (resource_id, start_date, end_date, absence_type, comment) VALUES (5, '2025-07-15', '2025-07-26', 'vacation', 'Vacation (demo)');
INSERT INTO resourceabsence (resource_id, start_date, end_date, absence_type, comment) VALUES (6, '2025-08-19', '2025-08-23', 'vacation', 'Vacation (demo)');
INSERT INTO resourceabsence (resource_id, start_date, end_date, absence_type, comment) VALUES (7, '2025-09-09', '2025-09-13', 'training', 'Training (demo)');
INSERT INTO resourceabsence (resource_id, start_date, end_date, absence_type, comment) VALUES (8, '2025-10-14', '2025-10-18', 'vacation', 'Vacation (demo)');
INSERT INTO resourceabsence (resource_id, start_date, end_date, absence_type, comment) VALUES (9, '2025-11-04', '2025-11-08', 'sick_leave', 'Sick Leave (demo)');
INSERT INTO resourceabsence (resource_id, start_date, end_date, absence_type, comment) VALUES (10, '2025-02-12', '2025-02-16', 'vacation', 'Vacation (demo)');
INSERT INTO resourceabsence (resource_id, start_date, end_date, absence_type, comment) VALUES (11, '2025-04-08', '2025-04-12', 'vacation', 'Vacation (demo)');
INSERT INTO resourceabsence (resource_id, start_date, end_date, absence_type, comment) VALUES (12, '2025-05-20', '2025-05-24', 'training', 'Training (demo)');
INSERT INTO resourceabsence (resource_id, start_date, end_date, absence_type, comment) VALUES (13, '2025-06-03', '2025-06-05', 'sick_leave', 'Sick Leave (demo)');
INSERT INTO resourceabsence (resource_id, start_date, end_date, absence_type, comment) VALUES (14, '2025-07-15', '2025-07-26', 'vacation', 'Vacation (demo)');
INSERT INTO resourceabsence (resource_id, start_date, end_date, absence_type, comment) VALUES (15, '2025-08-19', '2025-08-23', 'vacation', 'Vacation (demo)');
INSERT INTO monthlyparameters (month, contractual_hours, max_vacation_overlap, publication_deadline) VALUES ('2025-11', 160, 4, '2025-11-15');
INSERT INTO planscenario (id, month, name, status, created_at, updated_at, violations) VALUES (1, '2025-11', 'Draft Scenario', 'draft', CURRENT_TIMESTAMP, CURRENT_TIMESTAMP, '[{"code": "role-max-exceeded", "message": "kitchen_assistants maximum exceeded on 2025-11-09: assigned 3, cap 2.", "severity": "warning", "meta": {"date": "2025-11-09", "role": "kitchen_assistants", "assigned": 3, "max": 2}, "scope": "day", "day": "2025-11-09", "resource_id": null, "iso_week": null}, {"code": "role-min-shortfall", "message": "pot_washers minimum not met on 2025-11-16: assigned 0, required 1.", "severity": "critical", "meta": {"date": "2025-11-16", "role": "pot_washers", "assigned": 0, "min": 1}, "scope": "day", "day": "2025-11-16", "resource_id": null, "iso_week": null}, {"code": "role-min-shortfall", "message": "pot_washers minimum not met on 2025-11-22: assigned 0, required 1.", "severity": "critical", "meta": {"date": "2025-11-22", "role": "pot_washers", "assigned": 0, "min": 1}, "scope": "day", "day": "2025-11-22", "resource_id": null, "iso_week": null}, {"code": "role-min-shortfall", "message": "apprentices minimum not met on 2025-11-22: assigned 0, required 1.", "severity": "critical", "meta": {"date": "2025-11-22", "role": "apprentices", "assigned": 0, "min": 1}, "scope": "day", "day": "2025-11-22", "resource_id": null, "iso_week": null}, {"code": "role-max-exceeded", "message": "kitchen_assistants maximum exceeded on 2025-11-23: assigned 3, cap 2.", "severity": "warning", "meta": {"date": "2025-11-23", "role": "kitchen_assistants", "assigned": 3, "max": 2}, "scope": "day", "day": "2025-11-23", "resource_id": null, "iso_week": null}, {"code": "role-min-shortfall", "message": "apprentices minimum not met on 2025-11-23: assigned 0, required 1.", "severity": "critical", "meta": {"date": "2025-11-23", "role": "apprentices", "assigned": 0, "min": 1}, "scope": "day", "day": "2025-11-23", "resource_id": null, "iso_week": null}, {"code": "hours-per-week-exceeded", "message": "Resource 2 scheduled 53.5h in ISO week 47/2025, exceeding 50h.", "severity": "critical", "meta": {"resource_id": 2, "week": "2025-W47", "hours": 53.5, "limit": 50}, "scope": "week", "day": null, "resource_id": 2, "iso_week": "2025-W47"}, {"code": "hours-per-week-exceeded", "message": "Resource 9 scheduled 53.5h in ISO week 47/2025, exceeding 50h.", "severity": "critical", "meta": {"resource_id": 9, "week": "2025-W47", "hours": 53.5, "limit": 50}, "scope": "week", "day": null, "resource_id": 9, "iso_week": "2025-W47"}, {"code": "hours-per-week-exceeded", "message": "Resource 10 scheduled 52.5h in ISO week 45/2025, exceeding 50h.", "severity": "critical", "meta": {"resource_id": 10, "week": "2025-W45", "hours": 52.5, "limit": 50}, "scope": "week", "day": null, "resource_id": 10, "iso_week": "2025-W45"}, {"code": "hours-per-week-exceeded", "message": "Resource 11 scheduled 54.5h in ISO week 45/2025, exceeding 50h.", "severity": "critical", "meta": {"resource_id": 11, "week": "2025-W45", "hours": 54.5, "limit": 50}, "scope": "week", "day": null, "resource_id": 11, "iso_week": "2025-W45"}, {"code": "hours-per-week-exceeded", "message": "Resource 11 scheduled 55.5h in ISO week 46/2025, exceeding 50h.", "severity": "critical", "meta": {"resource_id": 11, "week": "2025-W46", "hours": 55.5, "limit": 50}, "scope": "week", "day": null, "resource_id": 11, "iso_week": "2025-W46"}, {"code": "hours-per-week-exceeded", "message": "Resource 12 scheduled 63.8h in ISO week 45/2025, exceeding 50h.", "severity": "critical", "meta": {"resource_id": 12, "week": "2025-W45", "hours": 63.75, "limit": 50}, "scope": "week", "day": null, "resource_id": 12, "iso_week": "2025-W45"}, {"code": "hours-per-week-exceeded", "message": "Resource 12 scheduled 55.5h in ISO week 46/2025, exceeding 50h.", "severity": "critical", "meta": {"resource_id": 12, "week": "2025-W46", "hours": 55.5, "limit": 50}, "scope": "week", "day": null, "resource_id": 12, "iso_week": "2025-W46"}, {"code": "hours-per-week-exceeded", "message": "Resource 12 scheduled 54.5h in ISO week 47/2025, exceeding 50h.", "severity": "critical", "meta": {"resource_id": 12, "week": "2025-W47", "hours": 54.5, "limit": 50}, "scope": "week", "day": null, "resource_id": 12, "iso_week": "2025-W47"}, {"code": "hours-per-week-exceeded", "message": "Resource 8 scheduled 53.5h in ISO week 45/2025, exceeding 50h.", "severity": "critical", "meta": {"resource_id": 8, "week": "2025-W45", "hours": 53.5, "limit": 50}, "scope": "week", "day": null, "resource_id": 8, "iso_week": "2025-W45"}, {"code": "days-per-week-exceeded", "message": "Resource 12 works 7 days in ISO week 45/2025, limit is 6.", "severity": "critical", "meta": {"resource_id": 12, "week": "2025-W45", "days": 7, "limit": 6}, "scope": "week", "day": null, "resource_id": 12, "iso_week": "2025-W45"}, {"code": "consecutive-days-exceeded", "message": "Resource 2 works 8 consecutive days; limit is 6.", "severity": "critical", "meta": {"resource_id": 2, "streak": 8}, "scope": "resource", "day": null, "resource_id": 2, "iso_week": null}, {"code": "consecutive-days-exceeded", "message": "Resource 12 works 14 consecutive days; limit is 6.", "severity": "critical", "meta": {"resource_id": 12, "streak": 14}, "scope": "resource", "day": null, "resource_id": 12, "iso_week": null}, {"code": "insufficient-consecutive-rest", "message": "Resource 12 does not have 2 consecutive days off in 2025-11.", "severity": "warning", "meta": {"resource_id": 12, "required_off": 2}, "scope": "resource", "day": null, "resource_id": 12, "iso_week": null}]'::jsonb);
INSERT INTO planversion (scenario_id, version_label, published_at, published_by, summary_hours) VALUES (1, 'v1', NULL, NULL, '{"entries": 300, "violations": 19, "critical_violations": 16}');
INSERT INTO planningentry (id, resource_id, shift_code, date, absence_type, comment, scenario_id) VALUES (1, 1, 1, '2025-11-01', NULL, 'AUTO-STUB', 1);
INSERT INTO planningentry (id, resource_id, shift_code, date, absence_type, comment, scenario_id) VALUES (2, 2, 1, '2025-11-01', NULL, 'AUTO-STUB', 1);
INSERT INTO planningentry (id, resource_id, shift_code, date, absence_type, comment, scenario_id) VALUES (3, 4, 4, '2025-11-01', NULL, 'AUTO-STUB', 1);
INSERT INTO planningentry (id, resource_id, shift_code, date, absence_type, comment, scenario_id) VALUES (4, 5, 1, '2025-11-01', NULL, 'AUTO-STUB', 1);
INSERT INTO planningentry (id, resource_id, shift_code, date, absence_type, comment, scenario_id) VALUES (5, 6, 1, '2025-11-01', NULL, 'AUTO-STUB', 1);
INSERT INTO planningentry (id, resource_id, shift_code, date, absence_type, comment, scenario_id) VALUES (6, 7, 1, '2025-11-01', NULL, 'AUTO-STUB', 1);
INSERT INTO planningentry (id, resource_id, shift_code, date, absence_type, comment, scenario_id) VALUES (7, 9, 8, '2025-11-01', NULL, 'AUTO-STUB', 1);
INSERT INTO planningentry (id, resource_id, shift_code, date, absence_type, comment, scenario_id) VALUES (8, 10, 8, '2025-11-01', NULL, 'AUTO-STUB', 1);
INSERT INTO planningentry (id, resource_id, shift_code, date, absence_type, comment, scenario_id) VALUES (9, 11, 8, '2025-11-01', NULL, 'AUTO-STUB', 1);
INSERT INTO planningentry (id, resource_id, shift_code, date, absence_type, comment, scenario_id) VALUES (10, 13, 1, '2025-11-01', NULL, 'AUTO-STUB', 1);
INSERT INTO planningentry (id, resource_id, shift_code, date, absence_type, comment, scenario_id) VALUES (11, 14, 1, '2025-11-01', NULL, 'AUTO-STUB', 1);
INSERT INTO planningentry (id, resource_id, shift_code, date, absence_type, comment, scenario_id) VALUES (12, 1, 11, '2025-11-02', NULL, 'AUTO-STUB', 1);
INSERT INTO planningentry (id, resource_id, shift_code, date, absence_type, comment, scenario_id) VALUES (13, 2, 11, '2025-11-02', NULL, 'AUTO-STUB', 1);
INSERT INTO planningentry (id, resource_id, shift_code, date, absence_type, comment, scenario_id) VALUES (14, 3, 11, '2025-11-02', NULL, 'AUTO-STUB', 1);
INSERT INTO planningentry (id, resource_id, shift_code, date, absence_type, comment, scenario_id) VALUES (15, 4, 4, '2025-11-02', NULL, 'AUTO-STUB', 1);
INSERT INTO planningentry (id, resource_id, shift_code, date, absence_type, comment, scenario_id) VALUES (16, 5, 11, '2025-11-02', NULL, 'AUTO-STUB', 1);
INSERT INTO planningentry (id, resource_id, shift_code, date, absence_type, comment, scenario_id) VALUES (17, 6, 4, '2025-11-02', NULL, 'AUTO-STUB', 1);
INSERT INTO planningentry (id, resource_id, shift_code, date, absence_type, comment, scenario_id) VALUES (18, 7, 11, '2025-11-02', NULL, 'AUTO-STUB', 1);
INSERT INTO planningentry (id, resource_id, shift_code, date, absence_type, comment, scenario_id) VALUES (19, 9, 10, '2025-11-02', NULL, 'AUTO-STUB', 1);
INSERT INTO planningentry (id, resource_id, shift_code, date, absence_type, comment, scenario_id) VALUES (20, 10, 10, '2025-11-02', NULL, 'AUTO-STUB', 1);
INSERT INTO planningentry (id, resource_id, shift_code, date, absence_type, comment, scenario_id) VALUES (21, 12, 8, '2025-11-02', NULL, 'AUTO-STUB', 1);
INSERT INTO planningentry (id, resource_id, shift_code, date, absence_type, comment, scenario_id) VALUES (22, 13, 1, '2025-11-02', NULL, 'AUTO-STUB', 1);
INSERT INTO planningentry (id, resource_id, shift_code, date, absence_type, comment, scenario_id) VALUES (23, 1, 1, '2025-11-03', NULL, 'AUTO-STUB', 1);
INSERT INTO planningentry (id, resource_id, shift_code, date, absence_type, comment, scenario_id) VALUES (24, 2, 1, '2025-11-03', NULL, 'AUTO-STUB', 1);
INSERT INTO planningentry (id, resource_id, shift_code, date, absence_type, comment, scenario_id) VALUES (25, 3, 11, '2025-11-03', NULL, 'AUTO-STUB', 1);
INSERT INTO planningentry (id, resource_id, shift_code, date, absence_type, comment, scenario_id) VALUES (26, 4, 4, '2025-11-03', NULL, 'AUTO-STUB', 1);
INSERT INTO planningentry (id, resource_id, shift_code, date, absence_type, comment, scenario_id) VALUES (27, 5, 1, '2025-11-03', NULL, 'AUTO-STUB', 1);
INSERT INTO planningentry (id, resource_id, shift_code, date, absence_type, comment, scenario_id) VALUES (28, 6, 11, '2025-11-03', NULL, 'AUTO-STUB', 1);
INSERT INTO planningentry (id, resource_id, shift_code, date, absence_type, comment, scenario_id) VALUES (29, 7, 1, '2025-11-03', NULL, 'AUTO-STUB', 1);
INSERT INTO planningentry (id, resource_id, shift_code, date, absence_type, comment, scenario_id) VALUES (30, 8, 1, '2025-11-03', NULL, 'AUTO-STUB', 1);
INSERT INTO planningentry (id, resource_id, shift_code, date, absence_type, comment, scenario_id) VALUES (31, 9, 18, '2025-11-03', NULL, 'AUTO-STUB', 1);
INSERT INTO planningentry (id, resource_id, shift_code, date, absence_type, comment, scenario_id) VALUES (32, 11, 8, '2025-11-03', NULL, 'AUTO-STUB', 1);
INSERT INTO planningentry (id, resource_id, shift_code, date, absence_type, comment, scenario_id) VALUES (33, 12, 10, '2025-11-03', NULL, 'AUTO-SEED', 1);
INSERT INTO planningentry (id, resource_id, shift_code, date, absence_type, comment, scenario_id) VALUES (34, 13, 1, '2025-11-03', NULL, 'AUTO-STUB', 1);
INSERT INTO planningentry (id, resource_id, shift_code, date, absence_type, comment, scenario_id) VALUES (35, 15, 4, '2025-11-03', NULL, 'AUTO-CONTRACT', 1);
INSERT INTO planningentry (id, resource_id, shift_code, date, absence_type, comment, scenario_id) VALUES (36, 1, 11, '2025-11-04', NULL, 'AUTO-STUB', 1);
INSERT INTO planningentry (id, resource_id, shift_code, date, absence_type, comment, scenario_id) VALUES (37, 2, 11, '2025-11-04', NULL, 'AUTO-STUB', 1);
INSERT INTO planningentry (id, resource_id, shift_code, date, absence_type, comment, scenario_id) VALUES (38, 3, 11, '2025-11-04', NULL, 'AUTO-STUB', 1);
INSERT INTO planningentry (id, resource_id, shift_code, date, absence_type, comment, scenario_id) VALUES (39, 4, 4, '2025-11-04', NULL, 'AUTO-STUB', 1);
INSERT INTO planningentry (id, resource_id, shift_code, date, absence_type, comment, scenario_id) VALUES (40, 5, 11, '2025-11-04', NULL, 'AUTO-STUB', 1);
INSERT INTO planningentry (id, resource_id, shift_code, date, absence_type, comment, scenario_id) VALUES (41, 6, 1, '2025-11-04', NULL, 'AUTO-STUB', 1);
INSERT INTO planningentry (id, resource_id, shift_code, date, absence_type, comment, scenario_id) VALUES (42, 7, 11, '2025-11-04', NULL, 'AUTO-STUB', 1);
INSERT INTO planningentry (id, resource_id, shift_code, date, absence_type, comment, scenario_id) VALUES (43, 8, 8, '2025-11-04', NULL, 'AUTO-STUB', 1);
INSERT INTO planningentry (id, resource_id, shift_code, date, absence_type, comment, scenario_id) VALUES (44, 10, 18, '2025-11-04', NULL, 'AUTO-STUB', 1);
INSERT INTO planningentry (id, resource_id, shift_code, date, absence_type, comment, scenario_id) VALUES (45, 11, 10, '2025-11-04', NULL, 'AUTO-STUB', 1);
INSERT INTO planningentry (id, resource_id, shift_code, date, absence_type, comment, scenario_id) VALUES (46, 12, 8, '2025-11-04', NULL, 'AUTO-SEED', 1);
INSERT INTO planningentry (id, resource_id, shift_code, date, absence_type, comment, scenario_id) VALUES (47, 13, 1, '2025-11-04', NULL, 'AUTO-STUB', 1);
INSERT INTO planningentry (id, resource_id, shift_code, date, absence_type, comment, scenario_id) VALUES (48, 15, 4, '2025-11-04', NULL, 'AUTO-CONTRACT', 1);
INSERT INTO planningentry (id, resource_id, shift_code, date, absence_type, comment, scenario_id) VALUES (49, 1, 1, '2025-11-05', NULL, 'AUTO-STUB', 1);
INSERT INTO planningentry (id, resource_id, shift_code, date, absence_type, comment, scenario_id) VALUES (50, 2, 1, '2025-11-05', NULL, 'AUTO-STUB', 1);
INSERT INTO planningentry (id, resource_id, shift_code, date, absence_type, comment, scenario_id) VALUES (51, 3, 11, '2025-11-05', NULL, 'AUTO-STUB', 1);
INSERT INTO planningentry (id, resource_id, shift_code, date, absence_type, comment, scenario_id) VALUES (52, 4, 4, '2025-11-05', NULL, 'AUTO-STUB', 1);
INSERT INTO planningentry (id, resource_id, shift_code, date, absence_type, comment, scenario_id) VALUES (53, 5, 1, '2025-11-05', NULL, 'AUTO-STUB', 1);
INSERT INTO planningentry (id, resource_id, shift_code, date, absence_type, comment, scenario_id) VALUES (54, 6, 4, '2025-11-05', NULL, 'AUTO-STUB', 1);
INSERT INTO planningentry (id, resource_id, shift_code, date, absence_type, comment, scenario_id) VALUES (55, 7, 1, '2025-11-05', NULL, 'AUTO-STUB', 1);
INSERT INTO planningentry (id, resource_id, shift_code, date, absence_type, comment, scenario_id) VALUES (56, 8, 10, '2025-11-05', NULL, 'AUTO-STUB', 1);
INSERT INTO planningentry (id, resource_id, shift_code, date, absence_type, comment, scenario_id) VALUES (57, 10, 101, '2025-11-05', NULL, 'AUTO-STUB', 1);
INSERT INTO planningentry (id, resource_id, shift_code, date, absence_type, comment, scenario_id) VALUES (58, 11, 8, '2025-11-05', NULL, 'AUTO-SEED', 1);
INSERT INTO planningentry (id, resource_id, shift_code, date, absence_type, comment, scenario_id) VALUES (59, 12, 10, '2025-11-05', NULL, 'AUTO-STUB', 1);
INSERT INTO planningentry (id, resource_id, shift_code, date, absence_type, comment, scenario_id) VALUES (60, 13, 1, '2025-11-05', NULL, 'AUTO-STUB', 1);
INSERT INTO planningentry (id, resource_id, shift_code, date, absence_type, comment, scenario_id) VALUES (61, 15, 4, '2025-11-05', NULL, 'AUTO-CONTRACT', 1);
INSERT INTO planningentry (id, resource_id, shift_code, date, absence_type, comment, scenario_id) VALUES (62, 1, 11, '2025-11-06', NULL, 'AUTO-STUB', 1);
INSERT INTO planningentry (id, resource_id, shift_code, date, absence_type, comment, scenario_id) VALUES (63, 2, 11, '2025-11-06', NULL, 'AUTO-STUB', 1);
INSERT INTO planningentry (id, resource_id, shift_code, date, absence_type, comment, scenario_id) VALUES (64, 3, 11, '2025-11-06', NULL, 'AUTO-STUB', 1);
INSERT INTO planningentry (id, resource_id, shift_code, date, absence_type, comment, scenario_id) VALUES (65, 4, 4, '2025-11-06', NULL, 'AUTO-STUB', 1);
INSERT INTO planningentry (id, resource_id, shift_code, date, absence_type, comment, scenario_id) VALUES (66, 5, 11, '2025-11-06', NULL, 'AUTO-STUB', 1);
INSERT INTO planningentry (id, resource_id, shift_code, date, absence_type, comment, scenario_id) VALUES (67, 8, 18, '2025-11-06', NULL, 'AUTO-STUB', 1);
INSERT INTO planningentry (id, resource_id, shift_code, date, absence_type, comment, scenario_id) VALUES (68, 10, 8, '2025-11-06', NULL, 'AUTO-STUB', 1);
INSERT INTO planningentry (id, resource_id, shift_code, date, absence_type, comment, scenario_id) VALUES (69, 11, 10, '2025-11-06', NULL, 'AUTO-STUB', 1);
INSERT INTO planningentry (id, resource_id, shift_code, date, absence_type, comment, scenario_id) VALUES (70, 12, 8, '2025-11-06', NULL, 'AUTO-STUB', 1);
INSERT INTO planningentry (id, resource_id, shift_code, date, absence_type, comment, scenario_id) VALUES (71, 13, 1, '2025-11-06', NULL, 'AUTO-STUB', 1);
INSERT INTO planningentry (id, resource_id, shift_code, date, absence_type, comment, scenario_id) VALUES (72, 14, 11, '2025-11-06', NULL, 'AUTO-STUB', 1);
INSERT INTO planningentry (id, resource_id, shift_code, date, absence_type, comment, scenario_id) VALUES (73, 6, 11, '2025-11-07', NULL, 'AUTO-STUB', 1);
INSERT INTO planningentry (id, resource_id, shift_code, date, absence_type, comment, scenario_id) VALUES (74, 7, 11, '2025-11-07', NULL, 'AUTO-STUB', 1);
INSERT INTO planningentry (id, resource_id, shift_code, date, absence_type, comment, scenario_id) VALUES (75, 8, 101, '2025-11-07', NULL, 'AUTO-STUB', 1);
INSERT INTO planningentry (id, resource_id, shift_code, date, absence_type, comment, scenario_id) VALUES (76, 10, 10, '2025-11-07', NULL, 'AUTO-STUB', 1);
INSERT INTO planningentry (id, resource_id, shift_code, date, absence_type, comment, scenario_id) VALUES (77, 11, 8, '2025-11-07', NULL, 'AUTO-STUB', 1);
INSERT INTO planningentry (id, resource_id, shift_code, date, absence_type, comment, scenario_id) VALUES (78, 12, 10, '2025-11-07', NULL, 'AUTO-STUB', 1);
INSERT INTO planningentry (id, resource_id, shift_code, date, absence_type, comment, scenario_id) VALUES (79, 14, 1, '2025-11-07', NULL, 'AUTO-STUB', 1);
INSERT INTO planningentry (id, resource_id, shift_code, date, absence_type, comment, scenario_id) VALUES (80, 1, 1, '2025-11-08', NULL, 'AUTO-STUB', 1);
INSERT INTO planningentry (id, resource_id, shift_code, date, absence_type, comment, scenario_id) VALUES (81, 2, 1, '2025-11-08', NULL, 'AUTO-STUB', 1);
INSERT INTO planningentry (id, resource_id, shift_code, date, absence_type, comment, scenario_id) VALUES (82, 3, 11, '2025-11-08', NULL, 'AUTO-STUB', 1);
INSERT INTO planningentry (id, resource_id, shift_code, date, absence_type, comment, scenario_id) VALUES (83, 5, 1, '2025-11-08', NULL, 'AUTO-STUB', 1);
INSERT INTO planningentry (id, resource_id, shift_code, date, absence_type, comment, scenario_id) VALUES (84, 6, 1, '2025-11-08', NULL, 'AUTO-STUB', 1);
INSERT INTO planningentry (id, resource_id, shift_code, date, absence_type, comment, scenario_id) VALUES (85, 7, 1, '2025-11-08', NULL, 'AUTO-STUB', 1);
INSERT INTO planningentry (id, resource_id, shift_code, date, absence_type, comment, scenario_id) VALUES (86, 10, 18, '2025-11-08', NULL, 'AUTO-STUB', 1);
INSERT INTO planningentry (id, resource_id, shift_code, date, absence_type, comment, scenario_id) VALUES (87, 11, 101, '2025-11-08', NULL, 'AUTO-STUB', 1);
INSERT INTO planningentry (id, resource_id, shift_code, date, absence_type, comment, scenario_id) VALUES (88, 12, 8, '2025-11-08', NULL, 'AUTO-STUB', 1);
INSERT INTO planningentry (id, resource_id, shift_code, date, absence_type, comment, scenario_id) VALUES (89, 14, 11, '2025-11-08', NULL, 'AUTO-STUB', 1);
INSERT INTO planningentry (id, resource_id, shift_code, date, absence_type, comment, scenario_id) VALUES (90, 3, 11, '2025-11-09', NULL, 'AUTO-STUB', 1);
INSERT INTO planningentry (id, resource_id, shift_code, date, absence_type, comment, scenario_id) VALUES (91, 8, 1, '2025-11-09', NULL, 'AUTO-DAILY', 1);
INSERT INTO planningentry (id, resource_id, shift_code, date, absence_type, comment, scenario_id) VALUES (92, 9, 101, '2025-11-09', NULL, 'AUTO-STUB', 1);
INSERT INTO planningentry (id, resource_id, shift_code, date, absence_type, comment, scenario_id) VALUES (93, 10, 8, '2025-11-09', NULL, 'AUTO-DAILY', 1);
INSERT INTO planningentry (id, resource_id, shift_code, date, absence_type, comment, scenario_id) VALUES (94, 12, 18, '2025-11-09', NULL, 'AUTO-STUB', 1);
INSERT INTO planningentry (id, resource_id, shift_code, date, absence_type, comment, scenario_id) VALUES (95, 14, 1, '2025-11-09', NULL, 'AUTO-STUB', 1);
INSERT INTO planningentry (id, resource_id, shift_code, date, absence_type, comment, scenario_id) VALUES (96, 15, 1, '2025-11-09', NULL, 'AUTO-STUB', 1);
INSERT INTO planningentry (id, resource_id, shift_code, date, absence_type, comment, scenario_id) VALUES (97, 1, 11, '2025-11-10', NULL, 'AUTO-STUB', 1);
INSERT INTO planningentry (id, resource_id, shift_code, date, absence_type, comment, scenario_id) VALUES (98, 2, 11, '2025-11-10', NULL, 'AUTO-STUB', 1);
INSERT INTO planningentry (id, resource_id, shift_code, date, absence_type, comment, scenario_id) VALUES (99, 3, 11, '2025-11-10', NULL, 'AUTO-STUB', 1);
INSERT INTO planningentry (id, resource_id, shift_code, date, absence_type, comment, scenario_id) VALUES (100, 4, 4, '2025-11-10', NULL, 'AUTO-STUB', 1);
INSERT INTO planningentry (id, resource_id, shift_code, date, absence_type, comment, scenario_id) VALUES (101, 5, 11, '2025-11-10', NULL, 'AUTO-STUB', 1);
INSERT INTO planningentry (id, resource_id, shift_code, date, absence_type, comment, scenario_id) VALUES (102, 6, 4, '2025-11-10', NULL, 'AUTO-STUB', 1);
INSERT INTO planningentry (id, resource_id, shift_code, date, absence_type, comment, scenario_id) VALUES (103, 7, 11, '2025-11-10', NULL, 'AUTO-STUB', 1);
INSERT INTO planningentry (id, resource_id, shift_code, date, absence_type, comment, scenario_id) VALUES (104, 8, 1, '2025-11-10', NULL, 'AUTO-STUB', 1);
INSERT INTO planningentry (id, resource_id, shift_code, date, absence_type, comment, scenario_id) VALUES (105, 9, 8, '2025-11-10', NULL, 'AUTO-STUB', 1);
INSERT INTO planningentry (id, resource_id, shift_code, date, absence_type, comment, scenario_id) VALUES (106, 11, 10, '2025-11-10', NULL, 'AUTO-SEED', 1);
INSERT INTO planningentry (id, resource_id, shift_code, date, absence_type, comment, scenario_id) VALUES (107, 12, 8, '2025-11-10', NULL, 'AUTO-STUB', 1);
INSERT INTO planningentry (id, resource_id, shift_code, date, absence_type, comment, scenario_id) VALUES (108, 13, 1, '2025-11-10', NULL, 'AUTO-STUB', 1);
INSERT INTO planningentry (id, resource_id, shift_code, date, absence_type, comment, scenario_id) VALUES (109, 15, 4, '2025-11-10', NULL, 'AUTO-CONTRACT', 1);
INSERT INTO planningentry (id, resource_id, shift_code, date, absence_type, comment, scenario_id) VALUES (110, 1, 1, '2025-11-11', NULL, 'AUTO-STUB', 1);
INSERT INTO planningentry (id, resource_id, shift_code, date, absence_type, comment, scenario_id) VALUES (111, 2, 1, '2025-11-11', NULL, 'AUTO-STUB', 1);
INSERT INTO planningentry (id, resource_id, shift_code, date, absence_type, comment, scenario_id) VALUES (112, 3, 11, '2025-11-11', NULL, 'AUTO-STUB', 1);
INSERT INTO planningentry (id, resource_id, shift_code, date, absence_type, comment, scenario_id) VALUES (113, 4, 4, '2025-11-11', NULL, 'AUTO-STUB', 1);
INSERT INTO planningentry (id, resource_id, shift_code, date, absence_type, comment, scenario_id) VALUES (114, 6, 11, '2025-11-11', NULL, 'AUTO-STUB', 1);
INSERT INTO planningentry (id, resource_id, shift_code, date, absence_type, comment, scenario_id) VALUES (115, 8, 8, '2025-11-11', NULL, 'AUTO-STUB', 1);
INSERT INTO planningentry (id, resource_id, shift_code, date, absence_type, comment, scenario_id) VALUES (116, 9, 10, '2025-11-11', NULL, 'AUTO-STUB', 1);
INSERT INTO planningentry (id, resource_id, shift_code, date, absence_type, comment, scenario_id) VALUES (117, 11, 8, '2025-11-11', NULL, 'AUTO-STUB', 1);
INSERT INTO planningentry (id, resource_id, shift_code, date, absence_type, comment, scenario_id) VALUES (118, 12, 10, '2025-11-11', NULL, 'AUTO-SEED', 1);
INSERT INTO planningentry (id, resource_id, shift_code, date, absence_type, comment, scenario_id) VALUES (119, 13, 1, '2025-11-11', NULL, 'AUTO-STUB', 1);
INSERT INTO planningentry (id, resource_id, shift_code, date, absence_type, comment, scenario_id) VALUES (120, 14, 11, '2025-11-11', NULL, 'AUTO-STUB', 1);
INSERT INTO planningentry (id, resource_id, shift_code, date, absence_type, comment, scenario_id) VALUES (121, 15, 4, '2025-11-11', NULL, 'AUTO-CONTRACT', 1);
INSERT INTO planningentry (id, resource_id, shift_code, date, absence_type, comment, scenario_id) VALUES (122, 1, 11, '2025-11-12', NULL, 'AUTO-STUB', 1);
INSERT INTO planningentry (id, resource_id, shift_code, date, absence_type, comment, scenario_id) VALUES (123, 2, 11, '2025-11-12', NULL, 'AUTO-STUB', 1);
INSERT INTO planningentry (id, resource_id, shift_code, date, absence_type, comment, scenario_id) VALUES (124, 4, 4, '2025-11-12', NULL, 'AUTO-STUB', 1);
INSERT INTO planningentry (id, resource_id, shift_code, date, absence_type, comment, scenario_id) VALUES (125, 6, 1, '2025-11-12', NULL, 'AUTO-STUB', 1);
INSERT INTO planningentry (id, resource_id, shift_code, date, absence_type, comment, scenario_id) VALUES (126, 8, 10, '2025-11-12', NULL, 'AUTO-STUB', 1);
INSERT INTO planningentry (id, resource_id, shift_code, date, absence_type, comment, scenario_id) VALUES (127, 9, 18, '2025-11-12', NULL, 'AUTO-STUB', 1);
INSERT INTO planningentry (id, resource_id, shift_code, date, absence_type, comment, scenario_id) VALUES (128, 11, 10, '2025-11-12', NULL, 'AUTO-STUB', 1);
INSERT INTO planningentry (id, resource_id, shift_code, date, absence_type, comment, scenario_id) VALUES (129, 12, 8, '2025-11-12', NULL, 'AUTO-STUB', 1);
INSERT INTO planningentry (id, resource_id, shift_code, date, absence_type, comment, scenario_id) VALUES (130, 13, 1, '2025-11-12', NULL, 'AUTO-STUB', 1);
INSERT INTO planningentry (id, resource_id, shift_code, date, absence_type, comment, scenario_id) VALUES (131, 14, 1, '2025-11-12', NULL, 'AUTO-STUB', 1);
INSERT INTO planningentry (id, resource_id, shift_code, date, absence_type, comment, scenario_id) VALUES (132, 15, 4, '2025-11-12', NULL, 'AUTO-CONTRACT', 1);
INSERT INTO planningentry (id, resource_id, shift_code, date, absence_type, comment, scenario_id) VALUES (133, 1, 1, '2025-11-13', NULL, 'AUTO-STUB', 1);
INSERT INTO planningentry (id, resource_id, shift_code, date, absence_type, comment, scenario_id) VALUES (134, 2, 1, '2025-11-13', NULL, 'AUTO-STUB', 1);
INSERT INTO planningentry (id, resource_id, shift_code, date, absence_type, comment, scenario_id) VALUES (135, 4, 4, '2025-11-13', NULL, 'AUTO-STUB', 1);
INSERT INTO planningentry (id, resource_id, shift_code, date, absence_type, comment, scenario_id) VALUES (136, 5, 1, '2025-11-13', NULL, 'AUTO-STUB', 1);
INSERT INTO planningentry (id, resource_id, shift_code, date, absence_type, comment, scenario_id) VALUES (137, 6, 4, '2025-11-13', NULL, 'AUTO-STUB', 1);
INSERT INTO planningentry (id, resource_id, shift_code, date, absence_type, comment, scenario_id) VALUES (138, 7, 1, '2025-11-13', NULL, 'AUTO-STUB', 1);
INSERT INTO planningentry (id, resource_id, shift_code, date, absence_type, comment, scenario_id) VALUES (139, 9, 101, '2025-11-13', NULL, 'AUTO-STUB', 1);
INSERT INTO planningentry (id, resource_id, shift_code, date, absence_type, comment, scenario_id) VALUES (140, 10, 101, '2025-11-13', NULL, 'AUTO-STUB', 1);
INSERT INTO planningentry (id, resource_id, shift_code, date, absence_type, comment, scenario_id) VALUES (141, 11, 8, '2025-11-13', NULL, 'AUTO-STUB', 1);
INSERT INTO planningentry (id, resource_id, shift_code, date, absence_type, comment, scenario_id) VALUES (142, 12, 10, '2025-11-13', NULL, 'AUTO-STUB', 1);
INSERT INTO planningentry (id, resource_id, shift_code, date, absence_type, comment, scenario_id) VALUES (143, 13, 1, '2025-11-13', NULL, 'AUTO-STUB', 1);
INSERT INTO planningentry (id, resource_id, shift_code, date, absence_type, comment, scenario_id) VALUES (144, 2, 11, '2025-11-14', NULL, 'AUTO-STUB', 1);
INSERT INTO planningentry (id, resource_id, shift_code, date, absence_type, comment, scenario_id) VALUES (145, 6, 11, '2025-11-14', NULL, 'AUTO-STUB', 1);
INSERT INTO planningentry (id, resource_id, shift_code, date, absence_type, comment, scenario_id) VALUES (146, 7, 11, '2025-11-14', NULL, 'AUTO-STUB', 1);
INSERT INTO planningentry (id, resource_id, shift_code, date, absence_type, comment, scenario_id) VALUES (147, 9, 8, '2025-11-14', NULL, 'AUTO-STUB', 1);
INSERT INTO planningentry (id, resource_id, shift_code, date, absence_type, comment, scenario_id) VALUES (148, 10, 8, '2025-11-14', NULL, 'AUTO-STUB', 1);
INSERT INTO planningentry (id, resource_id, shift_code, date, absence_type, comment, scenario_id) VALUES (149, 11, 10, '2025-11-14', NULL, 'AUTO-STUB', 1);
INSERT INTO planningentry (id, resource_id, shift_code, date, absence_type, comment, scenario_id) VALUES (150, 12, 8, '2025-11-14', NULL, 'AUTO-STUB', 1);
INSERT INTO planningentry (id, resource_id, shift_code, date, absence_type, comment, scenario_id) VALUES (151, 13, 1, '2025-11-14', NULL, 'AUTO-STUB', 1);
INSERT INTO planningentry (id, resource_id, shift_code, date, absence_type, comment, scenario_id) VALUES (152, 14, 11, '2025-11-14', NULL, 'AUTO-STUB', 1);
INSERT INTO planningentry (id, resource_id, shift_code, date, absence_type, comment, scenario_id) VALUES (153, 3, 11, '2025-11-15', NULL, 'AUTO-STUB', 1);
INSERT INTO planningentry (id, resource_id, shift_code, date, absence_type, comment, scenario_id) VALUES (154, 5, 11, '2025-11-15', NULL, 'AUTO-STUB', 1);
INSERT INTO planningentry (id, resource_id, shift_code, date, absence_type, comment, scenario_id) VALUES (155, 7, 1, '2025-11-15', NULL, 'AUTO-STUB', 1);
INSERT INTO planningentry (id, resource_id, shift_code, date, absence_type, comment, scenario_id) VALUES (156, 8, 18, '2025-11-15', NULL, 'AUTO-STUB', 1);
INSERT INTO planningentry (id, resource_id, shift_code, date, absence_type, comment, scenario_id) VALUES (157, 10, 10, '2025-11-15', NULL, 'AUTO-STUB', 1);
INSERT INTO planningentry (id, resource_id, shift_code, date, absence_type, comment, scenario_id) VALUES (158, 11, 10, '2025-11-15', NULL, 'AUTO-STUB', 1);
INSERT INTO planningentry (id, resource_id, shift_code, date, absence_type, comment, scenario_id) VALUES (159, 12, 10, '2025-11-15', NULL, 'AUTO-STUB', 1);
INSERT INTO planningentry (id, resource_id, shift_code, date, absence_type, comment, scenario_id) VALUES (160, 14, 1, '2025-11-15', NULL, 'AUTO-STUB', 1);
INSERT INTO planningentry (id, resource_id, shift_code, date, absence_type, comment, scenario_id) VALUES (161, 1, 11, '2025-11-16', NULL, 'AUTO-STUB', 1);
INSERT INTO planningentry (id, resource_id, shift_code, date, absence_type, comment, scenario_id) VALUES (162, 3, 11, '2025-11-16', NULL, 'AUTO-STUB', 1);
INSERT INTO planningentry (id, resource_id, shift_code, date, absence_type, comment, scenario_id) VALUES (163, 5, 1, '2025-11-16', NULL, 'AUTO-STUB', 1);
INSERT INTO planningentry (id, resource_id, shift_code, date, absence_type, comment, scenario_id) VALUES (164, 7, 11, '2025-11-16', NULL, 'AUTO-STUB', 1);
INSERT INTO planningentry (id, resource_id, shift_code, date, absence_type, comment, scenario_id) VALUES (165, 8, 101, '2025-11-16', NULL, 'AUTO-STUB', 1);
INSERT INTO planningentry (id, resource_id, shift_code, date, absence_type, comment, scenario_id) VALUES (166, 10, 18, '2025-11-16', NULL, 'AUTO-STUB', 1);
INSERT INTO planningentry (id, resource_id, shift_code, date, absence_type, comment, scenario_id) VALUES (167, 14, 11, '2025-11-16', NULL, 'AUTO-STUB', 1);
INSERT INTO planningentry (id, resource_id, shift_code, date, absence_type, comment, scenario_id) VALUES (168, 1, 1, '2025-11-17', NULL, 'AUTO-STUB', 1);
INSERT INTO planningentry (id, resource_id, shift_code, date, absence_type, comment, scenario_id) VALUES (169, 3, 11, '2025-11-17', NULL, 'AUTO-STUB', 1);
INSERT INTO planningentry (id, resource_id, shift_code, date, absence_type, comment, scenario_id) VALUES (170, 5, 11, '2025-11-17', NULL, 'AUTO-STUB', 1);
INSERT INTO planningentry (id, resource_id, shift_code, date, absence_type, comment, scenario_id) VALUES (171, 6, 1, '2025-11-17', NULL, 'AUTO-STUB', 1);
INSERT INTO planningentry (id, resource_id, shift_code, date, absence_type, comment, scenario_id) VALUES (172, 7, 1, '2025-11-17', NULL, 'AUTO-STUB', 1);
INSERT INTO planningentry (id, resource_id, shift_code, date, absence_type, comment, scenario_id) VALUES (173, 8, 1, '2025-11-17', NULL, 'AUTO-STUB', 1);
INSERT INTO planningentry (id, resource_id, shift_code, date, absence_type, comment, scenario_id) VALUES (174, 9, 10, '2025-11-17', NULL, 'AUTO-STUB', 1);
INSERT INTO planningentry (id, resource_id, shift_code, date, absence_type, comment, scenario_id) VALUES (175, 11, 8, '2025-11-17', NULL, 'AUTO-STUB', 1);
INSERT INTO planningentry (id, resource_id, shift_code, date, absence_type, comment, scenario_id) VALUES (176, 12, 10, '2025-11-17', NULL, 'AUTO-STUB', 1);
INSERT INTO planningentry (id, resource_id, shift_code, date, absence_type, comment, scenario_id) VALUES (177, 13, 1, '2025-11-17', NULL, 'AUTO-STUB', 1);
INSERT INTO planningentry (id, resource_id, shift_code, date, absence_type, comment, scenario_id) VALUES (178, 14, 1, '2025-11-17', NULL, 'AUTO-STUB', 1);
INSERT INTO planningentry (id, resource_id, shift_code, date, absence_type, comment, scenario_id) VALUES (179, 15, 4, '2025-11-17', NULL, 'AUTO-CONTRACT', 1);
INSERT INTO planningentry (id, resource_id, shift_code, date, absence_type, comment, scenario_id) VALUES (180, 1, 11, '2025-11-18', NULL, 'AUTO-STUB', 1);
INSERT INTO planningentry (id, resource_id, shift_code, date, absence_type, comment, scenario_id) VALUES (181, 2, 1, '2025-11-18', NULL, 'AUTO-STUB', 1);
INSERT INTO planningentry (id, resource_id, shift_code, date, absence_type, comment, scenario_id) VALUES (182, 3, 11, '2025-11-18', NULL, 'AUTO-STUB', 1);
INSERT INTO planningentry (id, resource_id, shift_code, date, absence_type, comment, scenario_id) VALUES (183, 5, 1, '2025-11-18', NULL, 'AUTO-STUB', 1);
INSERT INTO planningentry (id, resource_id, shift_code, date, absence_type, comment, scenario_id) VALUES (184, 7, 11, '2025-11-18', NULL, 'AUTO-STUB', 1);
INSERT INTO planningentry (id, resource_id, shift_code, date, absence_type, comment, scenario_id) VALUES (185, 8, 8, '2025-11-18', NULL, 'AUTO-STUB', 1);
INSERT INTO planningentry (id, resource_id, shift_code, date, absence_type, comment, scenario_id) VALUES (186, 9, 18, '2025-11-18', NULL, 'AUTO-STUB', 1);
INSERT INTO planningentry (id, resource_id, shift_code, date, absence_type, comment, scenario_id) VALUES (187, 11, 10, '2025-11-18', NULL, 'AUTO-STUB', 1);
INSERT INTO planningentry (id, resource_id, shift_code, date, absence_type, comment, scenario_id) VALUES (188, 12, 8, '2025-11-18', NULL, 'AUTO-STUB', 1);
INSERT INTO planningentry (id, resource_id, shift_code, date, absence_type, comment, scenario_id) VALUES (189, 13, 1, '2025-11-18', NULL, 'AUTO-STUB', 1);
INSERT INTO planningentry (id, resource_id, shift_code, date, absence_type, comment, scenario_id) VALUES (190, 14, 11, '2025-11-18', NULL, 'AUTO-STUB', 1);
INSERT INTO planningentry (id, resource_id, shift_code, date, absence_type, comment, scenario_id) VALUES (191, 15, 4, '2025-11-18', NULL, 'AUTO-CONTRACT', 1);
INSERT INTO planningentry (id, resource_id, shift_code, date, absence_type, comment, scenario_id) VALUES (192, 1, 1, '2025-11-19', NULL, 'AUTO-STUB', 1);
INSERT INTO planningentry (id, resource_id, shift_code, date, absence_type, comment, scenario_id) VALUES (193, 2, 11, '2025-11-19', NULL, 'AUTO-STUB', 1);
INSERT INTO planningentry (id, resource_id, shift_code, date, absence_type, comment, scenario_id) VALUES (194, 3, 11, '2025-11-19', NULL, 'AUTO-STUB', 1);
INSERT INTO planningentry (id, resource_id, shift_code, date, absence_type, comment, scenario_id) VALUES (195, 4, 4, '2025-11-19', NULL, 'AUTO-STUB', 1);
INSERT INTO planningentry (id, resource_id, shift_code, date, absence_type, comment, scenario_id) VALUES (196, 5, 11, '2025-11-19', NULL, 'AUTO-STUB', 1);
INSERT INTO planningentry (id, resource_id, shift_code, date, absence_type, comment, scenario_id) VALUES (197, 9, 101, '2025-11-19', NULL, 'AUTO-STUB', 1);
INSERT INTO planningentry (id, resource_id, shift_code, date, absence_type, comment, scenario_id) VALUES (198, 10, 101, '2025-11-19', NULL, 'AUTO-STUB', 1);
INSERT INTO planningentry (id, resource_id, shift_code, date, absence_type, comment, scenario_id) VALUES (199, 11, 8, '2025-11-19', NULL, 'AUTO-STUB', 1);
INSERT INTO planningentry (id, resource_id, shift_code, date, absence_type, comment, scenario_id) VALUES (200, 12, 10, '2025-11-19', NULL, 'AUTO-STUB', 1);
INSERT INTO planningentry (id, resource_id, shift_code, date, absence_type, comment, scenario_id) VALUES (201, 13, 1, '2025-11-19', NULL, 'AUTO-STUB', 1);
INSERT INTO planningentry (id, resource_id, shift_code, date, absence_type, comment, scenario_id) VALUES (202, 14, 1, '2025-11-19', NULL, 'AUTO-STUB', 1);
INSERT INTO planningentry (id, resource_id, shift_code, date, absence_type, comment, scenario_id) VALUES (203, 15, 4, '2025-11-19', NULL, 'AUTO-CONTRACT', 1);
INSERT INTO planningentry (id, resource_id, shift_code, date, absence_type, comment, scenario_id) VALUES (204, 1, 11, '2025-11-20', NULL, 'AUTO-STUB', 1);
INSERT INTO planningentry (id, resource_id, shift_code, date, absence_type, comment, scenario_id) VALUES (205, 2, 1, '2025-11-20', NULL, 'AUTO-STUB', 1);
INSERT INTO planningentry (id, resource_id, shift_code, date, absence_type, comment, scenario_id) VALUES (206, 3, 11, '2025-11-20', NULL, 'AUTO-STUB', 1);
INSERT INTO planningentry (id, resource_id, shift_code, date, absence_type, comment, scenario_id) VALUES (207, 4, 4, '2025-11-20', NULL, 'AUTO-STUB', 1);
INSERT INTO planningentry (id, resource_id, shift_code, date, absence_type, comment, scenario_id) VALUES (208, 5, 1, '2025-11-20', NULL, 'AUTO-STUB', 1);
INSERT INTO planningentry (id, resource_id, shift_code, date, absence_type, comment, scenario_id) VALUES (209, 6, 4, '2025-11-20', NULL, 'AUTO-STUB', 1);
INSERT INTO planningentry (id, resource_id, shift_code, date, absence_type, comment, scenario_id) VALUES (210, 7, 1, '2025-11-20', NULL, 'AUTO-STUB', 1);
INSERT INTO planningentry (id, resource_id, shift_code, date, absence_type, comment, scenario_id) VALUES (211, 9, 8, '2025-11-20', NULL, 'AUTO-STUB', 1);
INSERT INTO planningentry (id, resource_id, shift_code, date, absence_type, comment, scenario_id) VALUES (212, 11, 10, '2025-11-20', NULL, 'AUTO-STUB', 1);
INSERT INTO planningentry (id, resource_id, shift_code, date, absence_type, comment, scenario_id) VALUES (213, 12, 8, '2025-11-20', NULL, 'AUTO-STUB', 1);
INSERT INTO planningentry (id, resource_id, shift_code, date, absence_type, comment, scenario_id) VALUES (214, 13, 1, '2025-11-20', NULL, 'AUTO-STUB', 1);
INSERT INTO planningentry (id, resource_id, shift_code, date, absence_type, comment, scenario_id) VALUES (215, 1, 1, '2025-11-21', NULL, 'AUTO-STUB', 1);
INSERT INTO planningentry (id, resource_id, shift_code, date, absence_type, comment, scenario_id) VALUES (216, 2, 11, '2025-11-21', NULL, 'AUTO-STUB', 1);
INSERT INTO planningentry (id, resource_id, shift_code, date, absence_type, comment, scenario_id) VALUES (217, 4, 4, '2025-11-21', NULL, 'AUTO-STUB', 1);
INSERT INTO planningentry (id, resource_id, shift_code, date, absence_type, comment, scenario_id) VALUES (218, 6, 11, '2025-11-21', NULL, 'AUTO-STUB', 1);
INSERT INTO planningentry (id, resource_id, shift_code, date, absence_type, comment, scenario_id) VALUES (219, 7, 11, '2025-11-21', NULL, 'AUTO-STUB', 1);
INSERT INTO planningentry (id, resource_id, shift_code, date, absence_type, comment, scenario_id) VALUES (220, 8, 10, '2025-11-21', NULL, 'AUTO-STUB', 1);
INSERT INTO planningentry (id, resource_id, shift_code, date, absence_type, comment, scenario_id) VALUES (221, 9, 10, '2025-11-21', NULL, 'AUTO-STUB', 1);
INSERT INTO planningentry (id, resource_id, shift_code, date, absence_type, comment, scenario_id) VALUES (222, 11, 8, '2025-11-21', NULL, 'AUTO-STUB', 1);
INSERT INTO planningentry (id, resource_id, shift_code, date, absence_type, comment, scenario_id) VALUES (223, 12, 10, '2025-11-21', NULL, 'AUTO-SEED', 1);
INSERT INTO planningentry (id, resource_id, shift_code, date, absence_type, comment, scenario_id) VALUES (224, 13, 1, '2025-11-21', NULL, 'AUTO-STUB', 1);
INSERT INTO planningentry (id, resource_id, shift_code, date, absence_type, comment, scenario_id) VALUES (225, 14, 11, '2025-11-21', NULL, 'AUTO-STUB', 1);
INSERT INTO planningentry (id, resource_id, shift_code, date, absence_type, comment, scenario_id) VALUES (226, 2, 1, '2025-11-22', NULL, 'AUTO-STUB', 1);
INSERT INTO planningentry (id, resource_id, shift_code, date, absence_type, comment, scenario_id) VALUES (227, 3, 11, '2025-11-22', NULL, 'AUTO-STUB', 1);
INSERT INTO planningentry (id, resource_id, shift_code, date, absence_type, comment, scenario_id) VALUES (228, 4, 4, '2025-11-22', NULL, 'AUTO-STUB', 1);
INSERT INTO planningentry (id, resource_id, shift_code, date, absence_type, comment, scenario_id) VALUES (229, 5, 11, '2025-11-22', NULL, 'AUTO-STUB', 1);
INSERT INTO planningentry (id, resource_id, shift_code, date, absence_type, comment, scenario_id) VALUES (230, 6, 1, '2025-11-22', NULL, 'AUTO-STUB', 1);
INSERT INTO planningentry (id, resource_id, shift_code, date, absence_type, comment, scenario_id) VALUES (231, 7, 1, '2025-11-22', NULL, 'AUTO-STUB', 1);
INSERT INTO planningentry (id, resource_id, shift_code, date, absence_type, comment, scenario_id) VALUES (232, 8, 18, '2025-11-22', NULL, 'AUTO-STUB', 1);
INSERT INTO planningentry (id, resource_id, shift_code, date, absence_type, comment, scenario_id) VALUES (233, 10, 8, '2025-11-22', NULL, 'AUTO-STUB', 1);
INSERT INTO planningentry (id, resource_id, shift_code, date, absence_type, comment, scenario_id) VALUES (234, 2, 1, '2025-11-23', NULL, 'AUTO-DAILY', 1);
INSERT INTO planningentry (id, resource_id, shift_code, date, absence_type, comment, scenario_id) VALUES (235, 3, 11, '2025-11-23', NULL, 'AUTO-STUB', 1);
INSERT INTO planningentry (id, resource_id, shift_code, date, absence_type, comment, scenario_id) VALUES (236, 8, 101, '2025-11-23', NULL, 'AUTO-STUB', 1);
INSERT INTO planningentry (id, resource_id, shift_code, date, absence_type, comment, scenario_id) VALUES (237, 9, 8, '2025-11-23', NULL, 'AUTO-DAILY', 1);
INSERT INTO planningentry (id, resource_id, shift_code, date, absence_type, comment, scenario_id) VALUES (238, 10, 10, '2025-11-23', NULL, 'AUTO-STUB', 1);
INSERT INTO planningentry (id, resource_id, shift_code, date, absence_type, comment, scenario_id) VALUES (239, 12, 101, '2025-11-23', NULL, 'AUTO-STUB', 1);
INSERT INTO planningentry (id, resource_id, shift_code, date, absence_type, comment, scenario_id) VALUES (240, 15, 4, '2025-11-23', NULL, 'AUTO-STUB', 1);
INSERT INTO planningentry (id, resource_id, shift_code, date, absence_type, comment, scenario_id) VALUES (241, 1, 11, '2025-11-24', NULL, 'AUTO-STUB', 1);
INSERT INTO planningentry (id, resource_id, shift_code, date, absence_type, comment, scenario_id) VALUES (242, 2, 11, '2025-11-24', NULL, 'AUTO-STUB', 1);
INSERT INTO planningentry (id, resource_id, shift_code, date, absence_type, comment, scenario_id) VALUES (243, 3, 11, '2025-11-24', NULL, 'AUTO-STUB', 1);
INSERT INTO planningentry (id, resource_id, shift_code, date, absence_type, comment, scenario_id) VALUES (244, 5, 1, '2025-11-24', NULL, 'AUTO-STUB', 1);
INSERT INTO planningentry (id, resource_id, shift_code, date, absence_type, comment, scenario_id) VALUES (245, 7, 11, '2025-11-24', NULL, 'AUTO-STUB', 1);
INSERT INTO planningentry (id, resource_id, shift_code, date, absence_type, comment, scenario_id) VALUES (246, 8, 1, '2025-11-24', NULL, 'AUTO-STUB', 1);
INSERT INTO planningentry (id, resource_id, shift_code, date, absence_type, comment, scenario_id) VALUES (247, 9, 18, '2025-11-24', NULL, 'AUTO-STUB', 1);
INSERT INTO planningentry (id, resource_id, shift_code, date, absence_type, comment, scenario_id) VALUES (248, 11, 10, '2025-11-24', NULL, 'AUTO-STUB', 1);
INSERT INTO planningentry (id, resource_id, shift_code, date, absence_type, comment, scenario_id) VALUES (249, 12, 8, '2025-11-24', NULL, 'AUTO-STUB', 1);
INSERT INTO planningentry (id, resource_id, shift_code, date, absence_type, comment, scenario_id) VALUES (250, 13, 1, '2025-11-24', NULL, 'AUTO-STUB', 1);
INSERT INTO planningentry (id, resource_id, shift_code, date, absence_type, comment, scenario_id) VALUES (251, 14, 1, '2025-11-24', NULL, 'AUTO-STUB', 1);
INSERT INTO planningentry (id, resource_id, shift_code, date, absence_type, comment, scenario_id) VALUES (252, 15, 4, '2025-11-24', NULL, 'AUTO-CONTRACT', 1);
INSERT INTO planningentry (id, resource_id, shift_code, date, absence_type, comment, scenario_id) VALUES (253, 1, 1, '2025-11-25', NULL, 'AUTO-STUB', 1);
INSERT INTO planningentry (id, resource_id, shift_code, date, absence_type, comment, scenario_id) VALUES (254, 2, 1, '2025-11-25', NULL, 'AUTO-STUB', 1);
INSERT INTO planningentry (id, resource_id, shift_code, date, absence_type, comment, scenario_id) VALUES (255, 3, 11, '2025-11-25', NULL, 'AUTO-STUB', 1);
INSERT INTO planningentry (id, resource_id, shift_code, date, absence_type, comment, scenario_id) VALUES (256, 5, 11, '2025-11-25', NULL, 'AUTO-STUB', 1);
INSERT INTO planningentry (id, resource_id, shift_code, date, absence_type, comment, scenario_id) VALUES (257, 7, 1, '2025-11-25', NULL, 'AUTO-STUB', 1);
INSERT INTO planningentry (id, resource_id, shift_code, date, absence_type, comment, scenario_id) VALUES (258, 8, 8, '2025-11-25', NULL, 'AUTO-STUB', 1);
INSERT INTO planningentry (id, resource_id, shift_code, date, absence_type, comment, scenario_id) VALUES (259, 10, 18, '2025-11-25', NULL, 'AUTO-STUB', 1);
INSERT INTO planningentry (id, resource_id, shift_code, date, absence_type, comment, scenario_id) VALUES (260, 11, 8, '2025-11-25', NULL, 'AUTO-STUB', 1);
INSERT INTO planningentry (id, resource_id, shift_code, date, absence_type, comment, scenario_id) VALUES (261, 12, 10, '2025-11-25', NULL, 'AUTO-STUB', 1);
INSERT INTO planningentry (id, resource_id, shift_code, date, absence_type, comment, scenario_id) VALUES (262, 13, 1, '2025-11-25', NULL, 'AUTO-STUB', 1);
INSERT INTO planningentry (id, resource_id, shift_code, date, absence_type, comment, scenario_id) VALUES (263, 14, 11, '2025-11-25', NULL, 'AUTO-STUB', 1);
INSERT INTO planningentry (id, resource_id, shift_code, date, absence_type, comment, scenario_id) VALUES (264, 15, 4, '2025-11-25', NULL, 'AUTO-CONTRACT', 1);
INSERT INTO planningentry (id, resource_id, shift_code, date, absence_type, comment, scenario_id) VALUES (265, 3, 11, '2025-11-26', NULL, 'AUTO-STUB', 1);
INSERT INTO planningentry (id, resource_id, shift_code, date, absence_type, comment, scenario_id) VALUES (266, 5, 1, '2025-11-26', NULL, 'AUTO-STUB', 1);
INSERT INTO planningentry (id, resource_id, shift_code, date, absence_type, comment, scenario_id) VALUES (267, 6, 4, '2025-11-26', NULL, 'AUTO-STUB', 1);
INSERT INTO planningentry (id, resource_id, shift_code, date, absence_type, comment, scenario_id) VALUES (268, 9, 101, '2025-11-26', NULL, 'AUTO-STUB', 1);
INSERT INTO planningentry (id, resource_id, shift_code, date, absence_type, comment, scenario_id) VALUES (269, 10, 101, '2025-11-26', NULL, 'AUTO-STUB', 1);
INSERT INTO planningentry (id, resource_id, shift_code, date, absence_type, comment, scenario_id) VALUES (270, 11, 10, '2025-11-26', NULL, 'AUTO-STUB', 1);
INSERT INTO planningentry (id, resource_id, shift_code, date, absence_type, comment, scenario_id) VALUES (271, 12, 8, '2025-11-26', NULL, 'AUTO-STUB', 1);
INSERT INTO planningentry (id, resource_id, shift_code, date, absence_type, comment, scenario_id) VALUES (272, 14, 1, '2025-11-26', NULL, 'AUTO-STUB', 1);
INSERT INTO planningentry (id, resource_id, shift_code, date, absence_type, comment, scenario_id) VALUES (273, 1, 11, '2025-11-27', NULL, 'AUTO-STUB', 1);
INSERT INTO planningentry (id, resource_id, shift_code, date, absence_type, comment, scenario_id) VALUES (274, 2, 11, '2025-11-27', NULL, 'AUTO-STUB', 1);
INSERT INTO planningentry (id, resource_id, shift_code, date, absence_type, comment, scenario_id) VALUES (275, 5, 11, '2025-11-27', NULL, 'AUTO-STUB', 1);
INSERT INTO planningentry (id, resource_id, shift_code, date, absence_type, comment, scenario_id) VALUES (276, 9, 8, '2025-11-27', NULL, 'AUTO-STUB', 1);
INSERT INTO planningentry (id, resource_id, shift_code, date, absence_type, comment, scenario_id) VALUES (277, 10, 8, '2025-11-27', NULL, 'AUTO-STUB', 1);
INSERT INTO planningentry (id, resource_id, shift_code, date, absence_type, comment, scenario_id) VALUES (278, 11, 101, '2025-11-27', NULL, 'AUTO-STUB', 1);
INSERT INTO planningentry (id, resource_id, shift_code, date, absence_type, comment, scenario_id) VALUES (279, 14, 11, '2025-11-27', NULL, 'AUTO-STUB', 1);
INSERT INTO planningentry (id, resource_id, shift_code, date, absence_type, comment, scenario_id) VALUES (280, 6, 11, '2025-11-28', NULL, 'AUTO-STUB', 1);
INSERT INTO planningentry (id, resource_id, shift_code, date, absence_type, comment, scenario_id) VALUES (281, 7, 11, '2025-11-28', NULL, 'AUTO-STUB', 1);
INSERT INTO planningentry (id, resource_id, shift_code, date, absence_type, comment, scenario_id) VALUES (282, 9, 10, '2025-11-28', NULL, 'AUTO-STUB', 1);
INSERT INTO planningentry (id, resource_id, shift_code, date, absence_type, comment, scenario_id) VALUES (283, 10, 10, '2025-11-28', NULL, 'AUTO-STUB', 1);
INSERT INTO planningentry (id, resource_id, shift_code, date, absence_type, comment, scenario_id) VALUES (284, 12, 101, '2025-11-28', NULL, 'AUTO-STUB', 1);
INSERT INTO planningentry (id, resource_id, shift_code, date, absence_type, comment, scenario_id) VALUES (285, 13, 1, '2025-11-28', NULL, 'AUTO-STUB', 1);
INSERT INTO planningentry (id, resource_id, shift_code, date, absence_type, comment, scenario_id) VALUES (286, 14, 1, '2025-11-28', NULL, 'AUTO-STUB', 1);
INSERT INTO planningentry (id, resource_id, shift_code, date, absence_type, comment, scenario_id) VALUES (287, 3, 11, '2025-11-29', NULL, 'AUTO-STUB', 1);
INSERT INTO planningentry (id, resource_id, shift_code, date, absence_type, comment, scenario_id) VALUES (288, 4, 4, '2025-11-29', NULL, 'AUTO-STUB', 1);
INSERT INTO planningentry (id, resource_id, shift_code, date, absence_type, comment, scenario_id) VALUES (289, 8, 10, '2025-11-29', NULL, 'AUTO-STUB', 1);
INSERT INTO planningentry (id, resource_id, shift_code, date, absence_type, comment, scenario_id) VALUES (290, 9, 18, '2025-11-29', NULL, 'AUTO-STUB', 1);
INSERT INTO planningentry (id, resource_id, shift_code, date, absence_type, comment, scenario_id) VALUES (291, 11, 8, '2025-11-29', NULL, 'AUTO-STUB', 1);
INSERT INTO planningentry (id, resource_id, shift_code, date, absence_type, comment, scenario_id) VALUES (292, 13, 1, '2025-11-29', NULL, 'AUTO-STUB', 1);
INSERT INTO planningentry (id, resource_id, shift_code, date, absence_type, comment, scenario_id) VALUES (293, 15, 11, '2025-11-29', NULL, 'AUTO-STUB', 1);
INSERT INTO planningentry (id, resource_id, shift_code, date, absence_type, comment, scenario_id) VALUES (294, 1, 1, '2025-11-30', NULL, 'AUTO-STUB', 1);
INSERT INTO planningentry (id, resource_id, shift_code, date, absence_type, comment, scenario_id) VALUES (295, 3, 11, '2025-11-30', NULL, 'AUTO-STUB', 1);
INSERT INTO planningentry (id, resource_id, shift_code, date, absence_type, comment, scenario_id) VALUES (296, 8, 18, '2025-11-30', NULL, 'AUTO-STUB', 1);
INSERT INTO planningentry (id, resource_id, shift_code, date, absence_type, comment, scenario_id) VALUES (297, 10, 18, '2025-11-30', NULL, 'AUTO-STUB', 1);
INSERT INTO planningentry (id, resource_id, shift_code, date, absence_type, comment, scenario_id) VALUES (298, 12, 8, '2025-11-30', NULL, 'AUTO-STUB', 1);
INSERT INTO planningentry (id, resource_id, shift_code, date, absence_type, comment, scenario_id) VALUES (299, 13, 1, '2025-11-30', NULL, 'AUTO-STUB', 1);
INSERT INTO planningentry (id, resource_id, shift_code, date, absence_type, comment, scenario_id) VALUES (300, 15, 1, '2025-11-30', NULL, 'AUTO-STUB', 1);
COMMIT;
