BEGIN;
INSERT INTO shift (code, description, start, "end", hours) VALUES (1, 'Standard morning shift', '07:00', '16:15', 9.25);
INSERT INTO shift (code, description, start, "end", hours) VALUES (4, 'Long shift', '07:15', '19:15', 12.0);
INSERT INTO shift (code, description, start, "end", hours) VALUES (8, 'Medium shift', '08:00', '17:15', 9.25);
INSERT INTO shift (code, description, start, "end", hours) VALUES (10, 'Late shift', '10:15', '19:30', 9.25);
INSERT INTO shiftprimerule (shift_code, allowed) VALUES (1, true);
INSERT INTO shiftprimerule (shift_code, allowed) VALUES (4, false);
INSERT INTO shiftprimerule (shift_code, allowed) VALUES (8, true);
INSERT INTO shiftprimerule (shift_code, allowed) VALUES (10, true);
INSERT INTO resource (id, name, role, availability_percent, contract_hours_per_month, preferred_days_off, vacation_days, language, notes, availability_template, preferred_shift_codes, undesired_shift_codes) VALUES (1, 'Alice Dupont', 'cook', 100, 160, NULL, NULL, 'fr', NULL, '[{"day": "monday", "is_available": true, "start_time": "07:15", "end_time": "19:15"}, {"day": "tuesday", "is_available": true, "start_time": "07:15", "end_time": "19:15"}, {"day": "wednesday", "is_available": true, "start_time": "07:15", "end_time": "19:15"}, {"day": "thursday", "is_available": true, "start_time": "07:15", "end_time": "19:15"}, {"day": "friday", "is_available": true, "start_time": "07:15", "end_time": "19:15"}]'::jsonb, '[1, 8]'::jsonb, '[10]'::jsonb);
INSERT INTO resource (id, name, role, availability_percent, contract_hours_per_month, preferred_days_off, vacation_days, language, notes, availability_template, preferred_shift_codes, undesired_shift_codes) VALUES (2, 'Bastien Favre', 'cook', 100, 160, NULL, NULL, 'fr', NULL, '[{"day": "monday", "is_available": true, "start_time": "07:15", "end_time": "19:15"}, {"day": "tuesday", "is_available": true, "start_time": "07:15", "end_time": "19:15"}, {"day": "wednesday", "is_available": true, "start_time": "07:15", "end_time": "19:15"}, {"day": "thursday", "is_available": true, "start_time": "07:15", "end_time": "19:15"}, {"day": "friday", "is_available": true, "start_time": "07:15", "end_time": "19:15"}]'::jsonb, '[1]'::jsonb, '[]'::jsonb);
INSERT INTO resource (id, name, role, availability_percent, contract_hours_per_month, preferred_days_off, vacation_days, language, notes, availability_template, preferred_shift_codes, undesired_shift_codes) VALUES (3, 'Camille Perret', 'cook', 90, 150, NULL, NULL, 'fr', NULL, '[{"day": "monday", "is_available": true, "start_time": "07:15", "end_time": "19:15"}, {"day": "tuesday", "is_available": true, "start_time": "07:15", "end_time": "19:15"}, {"day": "wednesday", "is_available": true, "start_time": "07:15", "end_time": "19:15"}, {"day": "thursday", "is_available": true, "start_time": "07:15", "end_time": "19:15"}, {"day": "friday", "is_available": false, "start_time": null, "end_time": null}, {"day": "saturday", "is_available": true, "start_time": "07:15", "end_time": "19:15"}, {"day": "sunday", "is_available": true, "start_time": "07:15", "end_time": "19:15"}]'::jsonb, '[10]'::jsonb, '[]'::jsonb);
INSERT INTO resource (id, name, role, availability_percent, contract_hours_per_month, preferred_days_off, vacation_days, language, notes, availability_template, preferred_shift_codes, undesired_shift_codes) VALUES (4, 'David Roux', 'cook', 100, 160, NULL, NULL, 'fr', NULL, '[{"day": "monday", "is_available": true, "start_time": "07:15", "end_time": "19:15"}, {"day": "tuesday", "is_available": true, "start_time": "07:15", "end_time": "19:15"}, {"day": "wednesday", "is_available": true, "start_time": "07:15", "end_time": "19:15"}, {"day": "thursday", "is_available": true, "start_time": "07:15", "end_time": "19:15"}, {"day": "friday", "is_available": true, "start_time": "07:15", "end_time": "19:15"}]'::jsonb, '[4]'::jsonb, '[1]'::jsonb);
INSERT INTO resource (id, name, role, availability_percent, contract_hours_per_month, preferred_days_off, vacation_days, language, notes, availability_template, preferred_shift_codes, undesired_shift_codes) VALUES (5, 'Estelle Girard', 'cook', 90, 140, NULL, NULL, 'fr', NULL, '[{"day": "monday", "is_available": true, "start_time": "07:15", "end_time": "19:15"}, {"day": "tuesday", "is_available": true, "start_time": "07:15", "end_time": "19:15"}, {"day": "wednesday", "is_available": true, "start_time": "07:15", "end_time": "19:15"}, {"day": "thursday", "is_available": true, "start_time": "07:15", "end_time": "19:15"}, {"day": "friday", "is_available": false, "start_time": null, "end_time": null}]'::jsonb, '[8]'::jsonb, '[]'::jsonb);
INSERT INTO resource (id, name, role, availability_percent, contract_hours_per_month, preferred_days_off, vacation_days, language, notes, availability_template, preferred_shift_codes, undesired_shift_codes) VALUES (6, 'Félix Monod', 'cook', 100, 160, NULL, NULL, 'fr', NULL, '[{"day": "monday", "is_available": true, "start_time": "07:15", "end_time": "19:15"}, {"day": "tuesday", "is_available": true, "start_time": "07:15", "end_time": "19:15"}, {"day": "wednesday", "is_available": true, "start_time": "07:15", "end_time": "19:15"}, {"day": "thursday", "is_available": true, "start_time": "07:15", "end_time": "19:15"}, {"day": "friday", "is_available": true, "start_time": "07:15", "end_time": "19:15"}]'::jsonb, '[1, 4]'::jsonb, '[]'::jsonb);
INSERT INTO resource (id, name, role, availability_percent, contract_hours_per_month, preferred_days_off, vacation_days, language, notes, availability_template, preferred_shift_codes, undesired_shift_codes) VALUES (7, 'Géraldine Weber', 'cook', 95, 150, NULL, NULL, 'fr', NULL, '[{"day": "monday", "is_available": true, "start_time": "07:15", "end_time": "19:15"}, {"day": "tuesday", "is_available": true, "start_time": "07:15", "end_time": "19:15"}, {"day": "wednesday", "is_available": true, "start_time": "07:15", "end_time": "19:15"}, {"day": "thursday", "is_available": true, "start_time": "07:15", "end_time": "19:15"}, {"day": "friday", "is_available": true, "start_time": "07:15", "end_time": "19:15"}]'::jsonb, '[1, 8]'::jsonb, '[]'::jsonb);
INSERT INTO resource (id, name, role, availability_percent, contract_hours_per_month, preferred_days_off, vacation_days, language, notes, availability_template, preferred_shift_codes, undesired_shift_codes) VALUES (8, 'Hugo Lambert', 'kitchen_assistant', 80, 128, NULL, NULL, 'fr', NULL, '[{"day": "monday", "is_available": true, "start_time": "07:15", "end_time": "19:15"}, {"day": "tuesday", "is_available": true, "start_time": "07:15", "end_time": "19:15"}, {"day": "wednesday", "is_available": true, "start_time": "07:15", "end_time": "19:15"}, {"day": "thursday", "is_available": true, "start_time": "07:15", "end_time": "19:15"}, {"day": "friday", "is_available": false, "start_time": null, "end_time": null}]'::jsonb, '[]'::jsonb, '[]'::jsonb);
INSERT INTO resource (id, name, role, availability_percent, contract_hours_per_month, preferred_days_off, vacation_days, language, notes, availability_template, preferred_shift_codes, undesired_shift_codes) VALUES (9, 'Isabelle Morel', 'kitchen_assistant', 85, 130, NULL, NULL, 'fr', NULL, '[{"day": "monday", "is_available": true, "start_time": "07:15", "end_time": "19:15"}, {"day": "tuesday", "is_available": true, "start_time": "07:15", "end_time": "19:15"}, {"day": "wednesday", "is_available": true, "start_time": "07:15", "end_time": "19:15"}, {"day": "thursday", "is_available": true, "start_time": "07:15", "end_time": "19:15"}, {"day": "friday", "is_available": true, "start_time": "07:15", "end_time": "19:15"}]'::jsonb, '[8, 10]'::jsonb, '[]'::jsonb);
INSERT INTO resource (id, name, role, availability_percent, contract_hours_per_month, preferred_days_off, vacation_days, language, notes, availability_template, preferred_shift_codes, undesired_shift_codes) VALUES (10, 'Julien Mercier', 'kitchen_assistant', 75, 120, NULL, NULL, 'fr', NULL, '[{"day": "monday", "is_available": true, "start_time": "07:15", "end_time": "19:15"}, {"day": "tuesday", "is_available": true, "start_time": "07:15", "end_time": "19:15"}, {"day": "wednesday", "is_available": true, "start_time": "07:15", "end_time": "19:15"}, {"day": "thursday", "is_available": true, "start_time": "07:15", "end_time": "19:15"}, {"day": "friday", "is_available": false, "start_time": null, "end_time": null}]'::jsonb, '[]'::jsonb, '[4]'::jsonb);
INSERT INTO resource (id, name, role, availability_percent, contract_hours_per_month, preferred_days_off, vacation_days, language, notes, availability_template, preferred_shift_codes, undesired_shift_codes) VALUES (11, 'Karim Senn', 'pot_washer', 100, 120, NULL, NULL, 'fr', NULL, '[{"day": "monday", "is_available": true, "start_time": "07:15", "end_time": "19:15"}, {"day": "tuesday", "is_available": true, "start_time": "07:15", "end_time": "19:15"}, {"day": "wednesday", "is_available": true, "start_time": "07:15", "end_time": "19:15"}, {"day": "thursday", "is_available": true, "start_time": "07:15", "end_time": "19:15"}, {"day": "friday", "is_available": true, "start_time": "07:15", "end_time": "19:15"}]'::jsonb, '[10]'::jsonb, '[]'::jsonb);
INSERT INTO resource (id, name, role, availability_percent, contract_hours_per_month, preferred_days_off, vacation_days, language, notes, availability_template, preferred_shift_codes, undesired_shift_codes) VALUES (12, 'Louise Hertig', 'pot_washer', 90, 110, NULL, NULL, 'fr', NULL, '[{"day": "monday", "is_available": true, "start_time": "07:15", "end_time": "19:15"}, {"day": "tuesday", "is_available": true, "start_time": "07:15", "end_time": "19:15"}, {"day": "wednesday", "is_available": true, "start_time": "07:15", "end_time": "19:15"}, {"day": "thursday", "is_available": true, "start_time": "07:15", "end_time": "19:15"}, {"day": "friday", "is_available": true, "start_time": "07:15", "end_time": "19:15"}, {"day": "saturday", "is_available": true, "start_time": "07:15", "end_time": "19:15"}, {"day": "sunday", "is_available": true, "start_time": "07:15", "end_time": "19:15"}]'::jsonb, '[]'::jsonb, '[]'::jsonb);
INSERT INTO resource (id, name, role, availability_percent, contract_hours_per_month, preferred_days_off, vacation_days, language, notes, availability_template, preferred_shift_codes, undesired_shift_codes) VALUES (13, 'Maël Schneider', 'apprentice', 60, 100, NULL, NULL, 'fr', NULL, '[{"day": "monday", "is_available": true, "start_time": "07:15", "end_time": "19:15"}, {"day": "tuesday", "is_available": true, "start_time": "07:15", "end_time": "19:15"}, {"day": "wednesday", "is_available": true, "start_time": "07:15", "end_time": "19:15"}, {"day": "thursday", "is_available": true, "start_time": "07:15", "end_time": "19:15"}, {"day": "friday", "is_available": false, "start_time": null, "end_time": null}]'::jsonb, '[1]'::jsonb, '[]'::jsonb);
INSERT INTO resource (id, name, role, availability_percent, contract_hours_per_month, preferred_days_off, vacation_days, language, notes, availability_template, preferred_shift_codes, undesired_shift_codes) VALUES (14, 'Nina Clément', 'apprentice', 70, 110, NULL, NULL, 'fr', NULL, '[{"day": "monday", "is_available": true, "start_time": "07:15", "end_time": "19:15"}, {"day": "tuesday", "is_available": true, "start_time": "07:15", "end_time": "19:15"}, {"day": "wednesday", "is_available": true, "start_time": "07:15", "end_time": "19:15"}, {"day": "thursday", "is_available": true, "start_time": "07:15", "end_time": "19:15"}, {"day": "friday", "is_available": false, "start_time": null, "end_time": null}]'::jsonb, '[]'::jsonb, '[]'::jsonb);
INSERT INTO resource (id, name, role, availability_percent, contract_hours_per_month, preferred_days_off, vacation_days, language, notes, availability_template, preferred_shift_codes, undesired_shift_codes) VALUES (15, 'Olivier Rey', 'relief_cook', 50, 80, NULL, NULL, 'fr', NULL, '[{"day": "monday", "is_available": true, "start_time": "07:15", "end_time": "19:15"}, {"day": "tuesday", "is_available": true, "start_time": "07:15", "end_time": "19:15"}, {"day": "wednesday", "is_available": true, "start_time": "07:15", "end_time": "19:15"}, {"day": "thursday", "is_available": false, "start_time": null, "end_time": null}, {"day": "friday", "is_available": false, "start_time": null, "end_time": null}, {"day": "saturday", "is_available": true, "start_time": "07:15", "end_time": "19:15"}, {"day": "sunday", "is_available": true, "start_time": "07:15", "end_time": "19:15"}]'::jsonb, '[4, 10]'::jsonb, '[]'::jsonb);
INSERT INTO resourceabsence (resource_id, start_date, end_date, absence_type, comment) VALUES (1, '2025-02-12', '2025-02-16', 'vacation', 'Vacation (demo)');
INSERT INTO resourceabsence (resource_id, start_date, end_date, absence_type, comment) VALUES (2, '2025-04-08', '2025-04-12', 'vacation', 'Vacation (demo)');
INSERT INTO resourceabsence (resource_id, start_date, end_date, absence_type, comment) VALUES (3, '2025-05-20', '2025-05-24', 'training', 'Training (demo)');
INSERT INTO resourceabsence (resource_id, start_date, end_date, absence_type, comment) VALUES (4, '2025-06-03', '2025-06-05', 'sick_leave', 'Sick Leave (demo)');
INSERT INTO resourceabsence (resource_id, start_date, end_date, absence_type, comment) VALUES (5, '2025-07-15', '2025-07-26', 'vacation', 'Vacation (demo)');
INSERT INTO resourceabsence (resource_id, start_date, end_date, absence_type, comment) VALUES (6, '2025-08-19', '2025-08-23', 'vacation', 'Vacation (demo)');
INSERT INTO resourceabsence (resource_id, start_date, end_date, absence_type, comment) VALUES (7, '2025-09-09', '2025-09-13', 'training', 'Training (demo)');
INSERT INTO resourceabsence (resource_id, start_date, end_date, absence_type, comment) VALUES (8, '2025-10-14', '2025-10-18', 'vacation', 'Vacation (demo)');
INSERT INTO resourceabsence (resource_id, start_date, end_date, absence_type, comment) VALUES (9, '2025-11-04', '2025-11-08', 'sick_leave', 'Sick Leave (demo)');
INSERT INTO resourceabsence (resource_id, start_date, end_date, absence_type, comment) VALUES (10, '2025-02-12', '2025-02-16', 'vacation', 'Vacation (demo)');
INSERT INTO resourceabsence (resource_id, start_date, end_date, absence_type, comment) VALUES (11, '2025-04-08', '2025-04-12', 'vacation', 'Vacation (demo)');
INSERT INTO resourceabsence (resource_id, start_date, end_date, absence_type, comment) VALUES (12, '2025-05-20', '2025-05-24', 'training', 'Training (demo)');
INSERT INTO resourceabsence (resource_id, start_date, end_date, absence_type, comment) VALUES (13, '2025-06-03', '2025-06-05', 'sick_leave', 'Sick Leave (demo)');
INSERT INTO resourceabsence (resource_id, start_date, end_date, absence_type, comment) VALUES (14, '2025-07-15', '2025-07-26', 'vacation', 'Vacation (demo)');
INSERT INTO resourceabsence (resource_id, start_date, end_date, absence_type, comment) VALUES (15, '2025-08-19', '2025-08-23', 'vacation', 'Vacation (demo)');
INSERT INTO monthlyparameters (month, contractual_hours, max_vacation_overlap, publication_deadline) VALUES ('2025-11', 160, 4, '2025-11-15');
INSERT INTO planscenario (id, month, name, status, created_at, updated_at, violations) VALUES (1, '2025-11', 'Draft Scenario', 'draft', CURRENT_TIMESTAMP, CURRENT_TIMESTAMP, '[{"code": "role-min-shortfall", "message": "pot_washers minimum not met on 2025-11-01: assigned 0, required 1.", "severity": "critical", "meta": {"date": "2025-11-01", "role": "pot_washers", "assigned": 0, "min": 1}, "scope": "day", "day": "2025-11-01", "resource_id": null, "iso_week": null}, {"code": "role-min-shortfall", "message": "kitchen_assistants minimum not met on 2025-11-01: assigned 0, required 1.", "severity": "critical", "meta": {"date": "2025-11-01", "role": "kitchen_assistants", "assigned": 0, "min": 1}, "scope": "day", "day": "2025-11-01", "resource_id": null, "iso_week": null}, {"code": "role-min-shortfall", "message": "apprentices minimum not met on 2025-11-01: assigned 0, required 1.", "severity": "critical", "meta": {"date": "2025-11-01", "role": "apprentices", "assigned": 0, "min": 1}, "scope": "day", "day": "2025-11-01", "resource_id": null, "iso_week": null}, {"code": "role-min-shortfall", "message": "pot_washers minimum not met on 2025-11-02: assigned 0, required 1.", "severity": "critical", "meta": {"date": "2025-11-02", "role": "pot_washers", "assigned": 0, "min": 1}, "scope": "day", "day": "2025-11-02", "resource_id": null, "iso_week": null}, {"code": "role-min-shortfall", "message": "kitchen_assistants minimum not met on 2025-11-02: assigned 0, required 1.", "severity": "critical", "meta": {"date": "2025-11-02", "role": "kitchen_assistants", "assigned": 0, "min": 1}, "scope": "day", "day": "2025-11-02", "resource_id": null, "iso_week": null}, {"code": "role-min-shortfall", "message": "apprentices minimum not met on 2025-11-02: assigned 0, required 1.", "severity": "critical", "meta": {"date": "2025-11-02", "role": "apprentices", "assigned": 0, "min": 1}, "scope": "day", "day": "2025-11-02", "resource_id": null, "iso_week": null}, {"code": "role-min-shortfall", "message": "pot_washers minimum not met on 2025-11-03: assigned 0, required 1.", "severity": "critical", "meta": {"date": "2025-11-03", "role": "pot_washers", "assigned": 0, "min": 1}, "scope": "day", "day": "2025-11-03", "resource_id": null, "iso_week": null}, {"code": "role-min-shortfall", "message": "kitchen_assistants minimum not met on 2025-11-03: assigned 0, required 1.", "severity": "critical", "meta": {"date": "2025-11-03", "role": "kitchen_assistants", "assigned": 0, "min": 1}, "scope": "day", "day": "2025-11-03", "resource_id": null, "iso_week": null}, {"code": "role-min-shortfall", "message": "apprentices minimum not met on 2025-11-03: assigned 0, required 1.", "severity": "critical", "meta": {"date": "2025-11-03", "role": "apprentices", "assigned": 0, "min": 1}, "scope": "day", "day": "2025-11-03", "resource_id": null, "iso_week": null}, {"code": "role-min-shortfall", "message": "pot_washers minimum not met on 2025-11-04: assigned 0, required 1.", "severity": "critical", "meta": {"date": "2025-11-04", "role": "pot_washers", "assigned": 0, "min": 1}, "scope": "day", "day": "2025-11-04", "resource_id": null, "iso_week": null}, {"code": "role-min-shortfall", "message": "kitchen_assistants minimum not met on 2025-11-04: assigned 0, required 1.", "severity": "critical", "meta": {"date": "2025-11-04", "role": "kitchen_assistants", "assigned": 0, "min": 1}, "scope": "day", "day": "2025-11-04", "resource_id": null, "iso_week": null}, {"code": "role-min-shortfall", "message": "apprentices minimum not met on 2025-11-04: assigned 0, required 1.", "severity": "critical", "meta": {"date": "2025-11-04", "role": "apprentices", "assigned": 0, "min": 1}, "scope": "day", "day": "2025-11-04", "resource_id": null, "iso_week": null}, {"code": "role-min-shortfall", "message": "pot_washers minimum not met on 2025-11-05: assigned 0, required 1.", "severity": "critical", "meta": {"date": "2025-11-05", "role": "pot_washers", "assigned": 0, "min": 1}, "scope": "day", "day": "2025-11-05", "resource_id": null, "iso_week": null}, {"code": "role-min-shortfall", "message": "kitchen_assistants minimum not met on 2025-11-05: assigned 0, required 1.", "severity": "critical", "meta": {"date": "2025-11-05", "role": "kitchen_assistants", "assigned": 0, "min": 1}, "scope": "day", "day": "2025-11-05", "resource_id": null, "iso_week": null}, {"code": "role-min-shortfall", "message": "apprentices minimum not met on 2025-11-05: assigned 0, required 1.", "severity": "critical", "meta": {"date": "2025-11-05", "role": "apprentices", "assigned": 0, "min": 1}, "scope": "day", "day": "2025-11-05", "resource_id": null, "iso_week": null}, {"code": "role-min-shortfall", "message": "pot_washers minimum not met on 2025-11-06: assigned 0, required 1.", "severity": "critical", "meta": {"date": "2025-11-06", "role": "pot_washers", "assigned": 0, "min": 1}, "scope": "day", "day": "2025-11-06", "resource_id": null, "iso_week": null}, {"code": "role-min-shortfall", "message": "kitchen_assistants minimum not met on 2025-11-06: assigned 0, required 1.", "severity": "critical", "meta": {"date": "2025-11-06", "role": "kitchen_assistants", "assigned": 0, "min": 1}, "scope": "day", "day": "2025-11-06", "resource_id": null, "iso_week": null}, {"code": "role-min-shortfall", "message": "apprentices minimum not met on 2025-11-06: assigned 0, required 1.", "severity": "critical", "meta": {"date": "2025-11-06", "role": "apprentices", "assigned": 0, "min": 1}, "scope": "day", "day": "2025-11-06", "resource_id": null, "iso_week": null}, {"code": "role-min-shortfall", "message": "pot_washers minimum not met on 2025-11-07: assigned 0, required 1.", "severity": "critical", "meta": {"date": "2025-11-07", "role": "pot_washers", "assigned": 0, "min": 1}, "scope": "day", "day": "2025-11-07", "resource_id": null, "iso_week": null}, {"code": "role-min-shortfall", "message": "kitchen_assistants minimum not met on 2025-11-07: assigned 0, required 1.", "severity": "critical", "meta": {"date": "2025-11-07", "role": "kitchen_assistants", "assigned": 0, "min": 1}, "scope": "day", "day": "2025-11-07", "resource_id": null, "iso_week": null}, {"code": "role-min-shortfall", "message": "apprentices minimum not met on 2025-11-07: assigned 0, required 1.", "severity": "critical", "meta": {"date": "2025-11-07", "role": "apprentices", "assigned": 0, "min": 1}, "scope": "day", "day": "2025-11-07", "resource_id": null, "iso_week": null}, {"code": "role-min-shortfall", "message": "pot_washers minimum not met on 2025-11-08: assigned 0, required 1.", "severity": "critical", "meta": {"date": "2025-11-08", "role": "pot_washers", "assigned": 0, "min": 1}, "scope": "day", "day": "2025-11-08", "resource_id": null, "iso_week": null}, {"code": "role-min-shortfall", "message": "kitchen_assistants minimum not met on 2025-11-08: assigned 0, required 1.", "severity": "critical", "meta": {"date": "2025-11-08", "role": "kitchen_assistants", "assigned": 0, "min": 1}, "scope": "day", "day": "2025-11-08", "resource_id": null, "iso_week": null}, {"code": "role-min-shortfall", "message": "apprentices minimum not met on 2025-11-08: assigned 0, required 1.", "severity": "critical", "meta": {"date": "2025-11-08", "role": "apprentices", "assigned": 0, "min": 1}, "scope": "day", "day": "2025-11-08", "resource_id": null, "iso_week": null}, {"code": "role-min-shortfall", "message": "pot_washers minimum not met on 2025-11-09: assigned 0, required 1.", "severity": "critical", "meta": {"date": "2025-11-09", "role": "pot_washers", "assigned": 0, "min": 1}, "scope": "day", "day": "2025-11-09", "resource_id": null, "iso_week": null}, {"code": "role-min-shortfall", "message": "kitchen_assistants minimum not met on 2025-11-09: assigned 0, required 1.", "severity": "critical", "meta": {"date": "2025-11-09", "role": "kitchen_assistants", "assigned": 0, "min": 1}, "scope": "day", "day": "2025-11-09", "resource_id": null, "iso_week": null}, {"code": "role-min-shortfall", "message": "apprentices minimum not met on 2025-11-09: assigned 0, required 1.", "severity": "critical", "meta": {"date": "2025-11-09", "role": "apprentices", "assigned": 0, "min": 1}, "scope": "day", "day": "2025-11-09", "resource_id": null, "iso_week": null}, {"code": "role-min-shortfall", "message": "pot_washers minimum not met on 2025-11-10: assigned 0, required 1.", "severity": "critical", "meta": {"date": "2025-11-10", "role": "pot_washers", "assigned": 0, "min": 1}, "scope": "day", "day": "2025-11-10", "resource_id": null, "iso_week": null}, {"code": "role-min-shortfall", "message": "kitchen_assistants minimum not met on 2025-11-10: assigned 0, required 1.", "severity": "critical", "meta": {"date": "2025-11-10", "role": "kitchen_assistants", "assigned": 0, "min": 1}, "scope": "day", "day": "2025-11-10", "resource_id": null, "iso_week": null}, {"code": "role-min-shortfall", "message": "apprentices minimum not met on 2025-11-10: assigned 0, required 1.", "severity": "critical", "meta": {"date": "2025-11-10", "role": "apprentices", "assigned": 0, "min": 1}, "scope": "day", "day": "2025-11-10", "resource_id": null, "iso_week": null}, {"code": "role-min-shortfall", "message": "pot_washers minimum not met on 2025-11-11: assigned 0, required 1.", "severity": "critical", "meta": {"date": "2025-11-11", "role": "pot_washers", "assigned": 0, "min": 1}, "scope": "day", "day": "2025-11-11", "resource_id": null, "iso_week": null}, {"code": "role-min-shortfall", "message": "kitchen_assistants minimum not met on 2025-11-11: assigned 0, required 1.", "severity": "critical", "meta": {"date": "2025-11-11", "role": "kitchen_assistants", "assigned": 0, "min": 1}, "scope": "day", "day": "2025-11-11", "resource_id": null, "iso_week": null}, {"code": "role-min-shortfall", "message": "apprentices minimum not met on 2025-11-11: assigned 0, required 1.", "severity": "critical", "meta": {"date": "2025-11-11", "role": "apprentices", "assigned": 0, "min": 1}, "scope": "day", "day": "2025-11-11", "resource_id": null, "iso_week": null}, {"code": "role-min-shortfall", "message": "pot_washers minimum not met on 2025-11-12: assigned 0, required 1.", "severity": "critical", "meta": {"date": "2025-11-12", "role": "pot_washers", "assigned": 0, "min": 1}, "scope": "day", "day": "2025-11-12", "resource_id": null, "iso_week": null}, {"code": "role-min-shortfall", "message": "kitchen_assistants minimum not met on 2025-11-12: assigned 0, required 1.", "severity": "critical", "meta": {"date": "2025-11-12", "role": "kitchen_assistants", "assigned": 0, "min": 1}, "scope": "day", "day": "2025-11-12", "resource_id": null, "iso_week": null}, {"code": "role-min-shortfall", "message": "apprentices minimum not met on 2025-11-12: assigned 0, required 1.", "severity": "critical", "meta": {"date": "2025-11-12", "role": "apprentices", "assigned": 0, "min": 1}, "scope": "day", "day": "2025-11-12", "resource_id": null, "iso_week": null}, {"code": "role-min-shortfall", "message": "pot_washers minimum not met on 2025-11-13: assigned 0, required 1.", "severity": "critical", "meta": {"date": "2025-11-13", "role": "pot_washers", "assigned": 0, "min": 1}, "scope": "day", "day": "2025-11-13", "resource_id": null, "iso_week": null}, {"code": "role-min-shortfall", "message": "kitchen_assistants minimum not met on 2025-11-13: assigned 0, required 1.", "severity": "critical", "meta": {"date": "2025-11-13", "role": "kitchen_assistants", "assigned": 0, "min": 1}, "scope": "day", "day": "2025-11-13", "resource_id": null, "iso_week": null}, {"code": "role-min-shortfall", "message": "apprentices minimum not met on 2025-11-13: assigned 0, required 1.", "severity": "critical", "meta": {"date": "2025-11-13", "role": "apprentices", "assigned": 0, "min": 1}, "scope": "day", "day": "2025-11-13", "resource_id": null, "iso_week": null}, {"code": "role-min-shortfall", "message": "pot_washers minimum not met on 2025-11-14: assigned 0, required 1.", "severity": "critical", "meta": {"date": "2025-11-14", "role": "pot_washers", "assigned": 0, "min": 1}, "scope": "day", "day": "2025-11-14", "resource_id": null, "iso_week": null}, {"code": "role-min-shortfall", "message": "kitchen_assistants minimum not met on 2025-11-14: assigned 0, required 1.", "severity": "critical", "meta": {"date": "2025-11-14", "role": "kitchen_assistants", "assigned": 0, "min": 1}, "scope": "day", "day": "2025-11-14", "resource_id": null, "iso_week": null}, {"code": "role-min-shortfall", "message": "apprentices minimum not met on 2025-11-14: assigned 0, required 1.", "severity": "critical", "meta": {"date": "2025-11-14", "role": "apprentices", "assigned": 0, "min": 1}, "scope": "day", "day": "2025-11-14", "resource_id": null, "iso_week": null}, {"code": "role-min-shortfall", "message": "pot_washers minimum not met on 2025-11-15: assigned 0, required 1.", "severity": "critical", "meta": {"date": "2025-11-15", "role": "pot_washers", "assigned": 0, "min": 1}, "scope": "day", "day": "2025-11-15", "resource_id": null, "iso_week": null}, {"code": "role-min-shortfall", "message": "kitchen_assistants minimum not met on 2025-11-15: assigned 0, required 1.", "severity": "critical", "meta": {"date": "2025-11-15", "role": "kitchen_assistants", "assigned": 0, "min": 1}, "scope": "day", "day": "2025-11-15", "resource_id": null, "iso_week": null}, {"code": "role-min-shortfall", "message": "apprentices minimum not met on 2025-11-15: assigned 0, required 1.", "severity": "critical", "meta": {"date": "2025-11-15", "role": "apprentices", "assigned": 0, "min": 1}, "scope": "day", "day": "2025-11-15", "resource_id": null, "iso_week": null}, {"code": "role-min-shortfall", "message": "pot_washers minimum not met on 2025-11-16: assigned 0, required 1.", "severity": "critical", "meta": {"date": "2025-11-16", "role": "pot_washers", "assigned": 0, "min": 1}, "scope": "day", "day": "2025-11-16", "resource_id": null, "iso_week": null}, {"code": "role-min-shortfall", "message": "kitchen_assistants minimum not met on 2025-11-16: assigned 0, required 1.", "severity": "critical", "meta": {"date": "2025-11-16", "role": "kitchen_assistants", "assigned": 0, "min": 1}, "scope": "day", "day": "2025-11-16", "resource_id": null, "iso_week": null}, {"code": "role-min-shortfall", "message": "apprentices minimum not met on 2025-11-16: assigned 0, required 1.", "severity": "critical", "meta": {"date": "2025-11-16", "role": "apprentices", "assigned": 0, "min": 1}, "scope": "day", "day": "2025-11-16", "resource_id": null, "iso_week": null}, {"code": "role-min-shortfall", "message": "pot_washers minimum not met on 2025-11-17: assigned 0, required 1.", "severity": "critical", "meta": {"date": "2025-11-17", "role": "pot_washers", "assigned": 0, "min": 1}, "scope": "day", "day": "2025-11-17", "resource_id": null, "iso_week": null}, {"code": "role-min-shortfall", "message": "kitchen_assistants minimum not met on 2025-11-17: assigned 0, required 1.", "severity": "critical", "meta": {"date": "2025-11-17", "role": "kitchen_assistants", "assigned": 0, "min": 1}, "scope": "day", "day": "2025-11-17", "resource_id": null, "iso_week": null}, {"code": "role-min-shortfall", "message": "apprentices minimum not met on 2025-11-17: assigned 0, required 1.", "severity": "critical", "meta": {"date": "2025-11-17", "role": "apprentices", "assigned": 0, "min": 1}, "scope": "day", "day": "2025-11-17", "resource_id": null, "iso_week": null}, {"code": "role-min-shortfall", "message": "pot_washers minimum not met on 2025-11-18: assigned 0, required 1.", "severity": "critical", "meta": {"date": "2025-11-18", "role": "pot_washers", "assigned": 0, "min": 1}, "scope": "day", "day": "2025-11-18", "resource_id": null, "iso_week": null}, {"code": "role-min-shortfall", "message": "kitchen_assistants minimum not met on 2025-11-18: assigned 0, required 1.", "severity": "critical", "meta": {"date": "2025-11-18", "role": "kitchen_assistants", "assigned": 0, "min": 1}, "scope": "day", "day": "2025-11-18", "resource_id": null, "iso_week": null}, {"code": "role-min-shortfall", "message": "apprentices minimum not met on 2025-11-18: assigned 0, required 1.", "severity": "critical", "meta": {"date": "2025-11-18", "role": "apprentices", "assigned": 0, "min": 1}, "scope": "day", "day": "2025-11-18", "resource_id": null, "iso_week": null}, {"code": "role-min-shortfall", "message": "pot_washers minimum not met on 2025-11-19: assigned 0, required 1.", "severity": "critical", "meta": {"date": "2025-11-19", "role": "pot_washers", "assigned": 0, "min": 1}, "scope": "day", "day": "2025-11-19", "resource_id": null, "iso_week": null}, {"code": "role-min-shortfall", "message": "kitchen_assistants minimum not met on 2025-11-19: assigned 0, required 1.", "severity": "critical", "meta": {"date": "2025-11-19", "role": "kitchen_assistants", "assigned": 0, "min": 1}, "scope": "day", "day": "2025-11-19", "resource_id": null, "iso_week": null}, {"code": "role-min-shortfall", "message": "apprentices minimum not met on 2025-11-19: assigned 0, required 1.", "severity": "critical", "meta": {"date": "2025-11-19", "role": "apprentices", "assigned": 0, "min": 1}, "scope": "day", "day": "2025-11-19", "resource_id": null, "iso_week": null}, {"code": "role-min-shortfall", "message": "pot_washers minimum not met on 2025-11-20: assigned 0, required 1.", "severity": "critical", "meta": {"date": "2025-11-20", "role": "pot_washers", "assigned": 0, "min": 1}, "scope": "day", "day": "2025-11-20", "resource_id": null, "iso_week": null}, {"code": "role-min-shortfall", "message": "kitchen_assistants minimum not met on 2025-11-20: assigned 0, required 1.", "severity": "critical", "meta": {"date": "2025-11-20", "role": "kitchen_assistants", "assigned": 0, "min": 1}, "scope": "day", "day": "2025-11-20", "resource_id": null, "iso_week": null}, {"code": "role-min-shortfall", "message": "apprentices minimum not met on 2025-11-20: assigned 0, required 1.", "severity": "critical", "meta": {"date": "2025-11-20", "role": "apprentices", "assigned": 0, "min": 1}, "scope": "day", "day": "2025-11-20", "resource_id": null, "iso_week": null}, {"code": "role-min-shortfall", "message": "pot_washers minimum not met on 2025-11-21: assigned 0, required 1.", "severity": "critical", "meta": {"date": "2025-11-21", "role": "pot_washers", "assigned": 0, "min": 1}, "scope": "day", "day": "2025-11-21", "resource_id": null, "iso_week": null}, {"code": "role-min-shortfall", "message": "kitchen_assistants minimum not met on 2025-11-21: assigned 0, required 1.", "severity": "critical", "meta": {"date": "2025-11-21", "role": "kitchen_assistants", "assigned": 0, "min": 1}, "scope": "day", "day": "2025-11-21", "resource_id": null, "iso_week": null}, {"code": "role-min-shortfall", "message": "apprentices minimum not met on 2025-11-21: assigned 0, required 1.", "severity": "critical", "meta": {"date": "2025-11-21", "role": "apprentices", "assigned": 0, "min": 1}, "scope": "day", "day": "2025-11-21", "resource_id": null, "iso_week": null}, {"code": "role-min-shortfall", "message": "pot_washers minimum not met on 2025-11-22: assigned 0, required 1.", "severity": "critical", "meta": {"date": "2025-11-22", "role": "pot_washers", "assigned": 0, "min": 1}, "scope": "day", "day": "2025-11-22", "resource_id": null, "iso_week": null}, {"code": "role-min-shortfall", "message": "kitchen_assistants minimum not met on 2025-11-22: assigned 0, required 1.", "severity": "critical", "meta": {"date": "2025-11-22", "role": "kitchen_assistants", "assigned": 0, "min": 1}, "scope": "day", "day": "2025-11-22", "resource_id": null, "iso_week": null}, {"code": "role-min-shortfall", "message": "apprentices minimum not met on 2025-11-22: assigned 0, required 1.", "severity": "critical", "meta": {"date": "2025-11-22", "role": "apprentices", "assigned": 0, "min": 1}, "scope": "day", "day": "2025-11-22", "resource_id": null, "iso_week": null}, {"code": "role-min-shortfall", "message": "pot_washers minimum not met on 2025-11-23: assigned 0, required 1.", "severity": "critical", "meta": {"date": "2025-11-23", "role": "pot_washers", "assigned": 0, "min": 1}, "scope": "day", "day": "2025-11-23", "resource_id": null, "iso_week": null}, {"code": "role-min-shortfall", "message": "kitchen_assistants minimum not met on 2025-11-23: assigned 0, required 1.", "severity": "critical", "meta": {"date": "2025-11-23", "role": "kitchen_assistants", "assigned": 0, "min": 1}, "scope": "day", "day": "2025-11-23", "resource_id": null, "iso_week": null}, {"code": "role-min-shortfall", "message": "apprentices minimum not met on 2025-11-23: assigned 0, required 1.", "severity": "critical", "meta": {"date": "2025-11-23", "role": "apprentices", "assigned": 0, "min": 1}, "scope": "day", "day": "2025-11-23", "resource_id": null, "iso_week": null}, {"code": "role-min-shortfall", "message": "pot_washers minimum not met on 2025-11-24: assigned 0, required 1.", "severity": "critical", "meta": {"date": "2025-11-24", "role": "pot_washers", "assigned": 0, "min": 1}, "scope": "day", "day": "2025-11-24", "resource_id": null, "iso_week": null}, {"code": "role-min-shortfall", "message": "kitchen_assistants minimum not met on 2025-11-24: assigned 0, required 1.", "severity": "critical", "meta": {"date": "2025-11-24", "role": "kitchen_assistants", "assigned": 0, "min": 1}, "scope": "day", "day": "2025-11-24", "resource_id": null, "iso_week": null}, {"code": "role-min-shortfall", "message": "apprentices minimum not met on 2025-11-24: assigned 0, required 1.", "severity": "critical", "meta": {"date": "2025-11-24", "role": "apprentices", "assigned": 0, "min": 1}, "scope": "day", "day": "2025-11-24", "resource_id": null, "iso_week": null}, {"code": "role-min-shortfall", "message": "pot_washers minimum not met on 2025-11-25: assigned 0, required 1.", "severity": "critical", "meta": {"date": "2025-11-25", "role": "pot_washers", "assigned": 0, "min": 1}, "scope": "day", "day": "2025-11-25", "resource_id": null, "iso_week": null}, {"code": "role-min-shortfall", "message": "kitchen_assistants minimum not met on 2025-11-25: assigned 0, required 1.", "severity": "critical", "meta": {"date": "2025-11-25", "role": "kitchen_assistants", "assigned": 0, "min": 1}, "scope": "day", "day": "2025-11-25", "resource_id": null, "iso_week": null}, {"code": "role-min-shortfall", "message": "apprentices minimum not met on 2025-11-25: assigned 0, required 1.", "severity": "critical", "meta": {"date": "2025-11-25", "role": "apprentices", "assigned": 0, "min": 1}, "scope": "day", "day": "2025-11-25", "resource_id": null, "iso_week": null}, {"code": "role-min-shortfall", "message": "pot_washers minimum not met on 2025-11-26: assigned 0, required 1.", "severity": "critical", "meta": {"date": "2025-11-26", "role": "pot_washers", "assigned": 0, "min": 1}, "scope": "day", "day": "2025-11-26", "resource_id": null, "iso_week": null}, {"code": "role-min-shortfall", "message": "kitchen_assistants minimum not met on 2025-11-26: assigned 0, required 1.", "severity": "critical", "meta": {"date": "2025-11-26", "role": "kitchen_assistants", "assigned": 0, "min": 1}, "scope": "day", "day": "2025-11-26", "resource_id": null, "iso_week": null}, {"code": "role-min-shortfall", "message": "apprentices minimum not met on 2025-11-26: assigned 0, required 1.", "severity": "critical", "meta": {"date": "2025-11-26", "role": "apprentices", "assigned": 0, "min": 1}, "scope": "day", "day": "2025-11-26", "resource_id": null, "iso_week": null}, {"code": "role-min-shortfall", "message": "pot_washers minimum not met on 2025-11-27: assigned 0, required 1.", "severity": "critical", "meta": {"date": "2025-11-27", "role": "pot_washers", "assigned": 0, "min": 1}, "scope": "day", "day": "2025-11-27", "resource_id": null, "iso_week": null}, {"code": "role-min-shortfall", "message": "kitchen_assistants minimum not met on 2025-11-27: assigned 0, required 1.", "severity": "critical", "meta": {"date": "2025-11-27", "role": "kitchen_assistants", "assigned": 0, "min": 1}, "scope": "day", "day": "2025-11-27", "resource_id": null, "iso_week": null}, {"code": "role-min-shortfall", "message": "apprentices minimum not met on 2025-11-27: assigned 0, required 1.", "severity": "critical", "meta": {"date": "2025-11-27", "role": "apprentices", "assigned": 0, "min": 1}, "scope": "day", "day": "2025-11-27", "resource_id": null, "iso_week": null}, {"code": "role-min-shortfall", "message": "pot_washers minimum not met on 2025-11-28: assigned 0, required 1.", "severity": "critical", "meta": {"date": "2025-11-28", "role": "pot_washers", "assigned": 0, "min": 1}, "scope": "day", "day": "2025-11-28", "resource_id": null, "iso_week": null}, {"code": "role-min-shortfall", "message": "kitchen_assistants minimum not met on 2025-11-28: assigned 0, required 1.", "severity": "critical", "meta": {"date": "2025-11-28", "role": "kitchen_assistants", "assigned": 0, "min": 1}, "scope": "day", "day": "2025-11-28", "resource_id": null, "iso_week": null}, {"code": "role-min-shortfall", "message": "apprentices minimum not met on 2025-11-28: assigned 0, required 1.", "severity": "critical", "meta": {"date": "2025-11-28", "role": "apprentices", "assigned": 0, "min": 1}, "scope": "day", "day": "2025-11-28", "resource_id": null, "iso_week": null}, {"code": "role-min-shortfall", "message": "pot_washers minimum not met on 2025-11-29: assigned 0, required 1.", "severity": "critical", "meta": {"date": "2025-11-29", "role": "pot_washers", "assigned": 0, "min": 1}, "scope": "day", "day": "2025-11-29", "resource_id": null, "iso_week": null}, {"code": "role-min-shortfall", "message": "kitchen_assistants minimum not met on 2025-11-29: assigned 0, required 1.", "severity": "critical", "meta": {"date": "2025-11-29", "role": "kitchen_assistants", "assigned": 0, "min": 1}, "scope": "day", "day": "2025-11-29", "resource_id": null, "iso_week": null}, {"code": "role-min-shortfall", "message": "apprentices minimum not met on 2025-11-29: assigned 0, required 1.", "severity": "critical", "meta": {"date": "2025-11-29", "role": "apprentices", "assigned": 0, "min": 1}, "scope": "day", "day": "2025-11-29", "resource_id": null, "iso_week": null}, {"code": "role-min-shortfall", "message": "pot_washers minimum not met on 2025-11-30: assigned 0, required 1.", "severity": "critical", "meta": {"date": "2025-11-30", "role": "pot_washers", "assigned": 0, "min": 1}, "scope": "day", "day": "2025-11-30", "resource_id": null, "iso_week": null}, {"code": "role-min-shortfall", "message": "kitchen_assistants minimum not met on 2025-11-30: assigned 0, required 1.", "severity": "critical", "meta": {"date": "2025-11-30", "role": "kitchen_assistants", "assigned": 0, "min": 1}, "scope": "day", "day": "2025-11-30", "resource_id": null, "iso_week": null}, {"code": "role-min-shortfall", "message": "apprentices minimum not met on 2025-11-30: assigned 0, required 1.", "severity": "critical", "meta": {"date": "2025-11-30", "role": "apprentices", "assigned": 0, "min": 1}, "scope": "day", "day": "2025-11-30", "resource_id": null, "iso_week": null}, {"code": "hours-per-week-exceeded", "message": "Resource 1 scheduled 64.8h in ISO week 45/2025, exceeding 50h.", "severity": "critical", "meta": {"resource_id": 1, "week": "2025-W45", "hours": 64.75, "limit": 50}, "scope": "week", "day": null, "resource_id": 1, "iso_week": "2025-W45"}, {"code": "hours-per-week-exceeded", "message": "Resource 1 scheduled 64.8h in ISO week 46/2025, exceeding 50h.", "severity": "critical", "meta": {"resource_id": 1, "week": "2025-W46", "hours": 64.75, "limit": 50}, "scope": "week", "day": null, "resource_id": 1, "iso_week": "2025-W46"}, {"code": "hours-per-week-exceeded", "message": "Resource 1 scheduled 64.8h in ISO week 47/2025, exceeding 50h.", "severity": "critical", "meta": {"resource_id": 1, "week": "2025-W47", "hours": 64.75, "limit": 50}, "scope": "week", "day": null, "resource_id": 1, "iso_week": "2025-W47"}, {"code": "hours-per-week-exceeded", "message": "Resource 1 scheduled 64.8h in ISO week 48/2025, exceeding 50h.", "severity": "critical", "meta": {"resource_id": 1, "week": "2025-W48", "hours": 64.75, "limit": 50}, "scope": "week", "day": null, "resource_id": 1, "iso_week": "2025-W48"}, {"code": "hours-per-week-exceeded", "message": "Resource 2 scheduled 64.8h in ISO week 45/2025, exceeding 50h.", "severity": "critical", "meta": {"resource_id": 2, "week": "2025-W45", "hours": 64.75, "limit": 50}, "scope": "week", "day": null, "resource_id": 2, "iso_week": "2025-W45"}, {"code": "hours-per-week-exceeded", "message": "Resource 2 scheduled 64.8h in ISO week 46/2025, exceeding 50h.", "severity": "critical", "meta": {"resource_id": 2, "week": "2025-W46", "hours": 64.75, "limit": 50}, "scope": "week", "day": null, "resource_id": 2, "iso_week": "2025-W46"}, {"code": "hours-per-week-exceeded", "message": "Resource 2 scheduled 64.8h in ISO week 47/2025, exceeding 50h.", "severity": "critical", "meta": {"resource_id": 2, "week": "2025-W47", "hours": 64.75, "limit": 50}, "scope": "week", "day": null, "resource_id": 2, "iso_week": "2025-W47"}, {"code": "hours-per-week-exceeded", "message": "Resource 2 scheduled 64.8h in ISO week 48/2025, exceeding 50h.", "severity": "critical", "meta": {"resource_id": 2, "week": "2025-W48", "hours": 64.75, "limit": 50}, "scope": "week", "day": null, "resource_id": 2, "iso_week": "2025-W48"}, {"code": "hours-per-week-exceeded", "message": "Resource 3 scheduled 55.5h in ISO week 45/2025, exceeding 50h.", "severity": "critical", "meta": {"resource_id": 3, "week": "2025-W45", "hours": 55.5, "limit": 50}, "scope": "week", "day": null, "resource_id": 3, "iso_week": "2025-W45"}, {"code": "hours-per-week-exceeded", "message": "Resource 3 scheduled 55.5h in ISO week 46/2025, exceeding 50h.", "severity": "critical", "meta": {"resource_id": 3, "week": "2025-W46", "hours": 55.5, "limit": 50}, "scope": "week", "day": null, "resource_id": 3, "iso_week": "2025-W46"}, {"code": "hours-per-week-exceeded", "message": "Resource 3 scheduled 55.5h in ISO week 47/2025, exceeding 50h.", "severity": "critical", "meta": {"resource_id": 3, "week": "2025-W47", "hours": 55.5, "limit": 50}, "scope": "week", "day": null, "resource_id": 3, "iso_week": "2025-W47"}, {"code": "hours-per-week-exceeded", "message": "Resource 3 scheduled 55.5h in ISO week 48/2025, exceeding 50h.", "severity": "critical", "meta": {"resource_id": 3, "week": "2025-W48", "hours": 55.5, "limit": 50}, "scope": "week", "day": null, "resource_id": 3, "iso_week": "2025-W48"}, {"code": "hours-per-week-exceeded", "message": "Resource 4 scheduled 84.0h in ISO week 45/2025, exceeding 50h.", "severity": "critical", "meta": {"resource_id": 4, "week": "2025-W45", "hours": 84.0, "limit": 50}, "scope": "week", "day": null, "resource_id": 4, "iso_week": "2025-W45"}, {"code": "hours-per-week-exceeded", "message": "Resource 4 scheduled 84.0h in ISO week 46/2025, exceeding 50h.", "severity": "critical", "meta": {"resource_id": 4, "week": "2025-W46", "hours": 84.0, "limit": 50}, "scope": "week", "day": null, "resource_id": 4, "iso_week": "2025-W46"}, {"code": "hours-per-week-exceeded", "message": "Resource 4 scheduled 84.0h in ISO week 47/2025, exceeding 50h.", "severity": "critical", "meta": {"resource_id": 4, "week": "2025-W47", "hours": 84.0, "limit": 50}, "scope": "week", "day": null, "resource_id": 4, "iso_week": "2025-W47"}, {"code": "hours-per-week-exceeded", "message": "Resource 4 scheduled 84.0h in ISO week 48/2025, exceeding 50h.", "severity": "critical", "meta": {"resource_id": 4, "week": "2025-W48", "hours": 84.0, "limit": 50}, "scope": "week", "day": null, "resource_id": 4, "iso_week": "2025-W48"}, {"code": "hours-per-week-exceeded", "message": "Resource 5 scheduled 55.5h in ISO week 45/2025, exceeding 50h.", "severity": "critical", "meta": {"resource_id": 5, "week": "2025-W45", "hours": 55.5, "limit": 50}, "scope": "week", "day": null, "resource_id": 5, "iso_week": "2025-W45"}, {"code": "hours-per-week-exceeded", "message": "Resource 5 scheduled 55.5h in ISO week 46/2025, exceeding 50h.", "severity": "critical", "meta": {"resource_id": 5, "week": "2025-W46", "hours": 55.5, "limit": 50}, "scope": "week", "day": null, "resource_id": 5, "iso_week": "2025-W46"}, {"code": "hours-per-week-exceeded", "message": "Resource 5 scheduled 55.5h in ISO week 47/2025, exceeding 50h.", "severity": "critical", "meta": {"resource_id": 5, "week": "2025-W47", "hours": 55.5, "limit": 50}, "scope": "week", "day": null, "resource_id": 5, "iso_week": "2025-W47"}, {"code": "hours-per-week-exceeded", "message": "Resource 5 scheduled 55.5h in ISO week 48/2025, exceeding 50h.", "severity": "critical", "meta": {"resource_id": 5, "week": "2025-W48", "hours": 55.5, "limit": 50}, "scope": "week", "day": null, "resource_id": 5, "iso_week": "2025-W48"}, {"code": "hours-per-week-exceeded", "message": "Resource 6 scheduled 73.0h in ISO week 45/2025, exceeding 50h.", "severity": "critical", "meta": {"resource_id": 6, "week": "2025-W45", "hours": 73.0, "limit": 50}, "scope": "week", "day": null, "resource_id": 6, "iso_week": "2025-W45"}, {"code": "hours-per-week-exceeded", "message": "Resource 6 scheduled 75.8h in ISO week 46/2025, exceeding 50h.", "severity": "critical", "meta": {"resource_id": 6, "week": "2025-W46", "hours": 75.75, "limit": 50}, "scope": "week", "day": null, "resource_id": 6, "iso_week": "2025-W46"}, {"code": "hours-per-week-exceeded", "message": "Resource 6 scheduled 73.0h in ISO week 47/2025, exceeding 50h.", "severity": "critical", "meta": {"resource_id": 6, "week": "2025-W47", "hours": 73.0, "limit": 50}, "scope": "week", "day": null, "resource_id": 6, "iso_week": "2025-W47"}, {"code": "hours-per-week-exceeded", "message": "Resource 6 scheduled 75.8h in ISO week 48/2025, exceeding 50h.", "severity": "critical", "meta": {"resource_id": 6, "week": "2025-W48", "hours": 75.75, "limit": 50}, "scope": "week", "day": null, "resource_id": 6, "iso_week": "2025-W48"}, {"code": "hours-per-week-exceeded", "message": "Resource 7 scheduled 64.8h in ISO week 45/2025, exceeding 50h.", "severity": "critical", "meta": {"resource_id": 7, "week": "2025-W45", "hours": 64.75, "limit": 50}, "scope": "week", "day": null, "resource_id": 7, "iso_week": "2025-W45"}, {"code": "hours-per-week-exceeded", "message": "Resource 7 scheduled 64.8h in ISO week 46/2025, exceeding 50h.", "severity": "critical", "meta": {"resource_id": 7, "week": "2025-W46", "hours": 64.75, "limit": 50}, "scope": "week", "day": null, "resource_id": 7, "iso_week": "2025-W46"}, {"code": "hours-per-week-exceeded", "message": "Resource 7 scheduled 64.8h in ISO week 47/2025, exceeding 50h.", "severity": "critical", "meta": {"resource_id": 7, "week": "2025-W47", "hours": 64.75, "limit": 50}, "scope": "week", "day": null, "resource_id": 7, "iso_week": "2025-W47"}, {"code": "hours-per-week-exceeded", "message": "Resource 7 scheduled 64.8h in ISO week 48/2025, exceeding 50h.", "severity": "critical", "meta": {"resource_id": 7, "week": "2025-W48", "hours": 64.75, "limit": 50}, "scope": "week", "day": null, "resource_id": 7, "iso_week": "2025-W48"}, {"code": "hours-per-week-exceeded", "message": "Resource 8 scheduled 58.2h in ISO week 45/2025, exceeding 50h.", "severity": "critical", "meta": {"resource_id": 8, "week": "2025-W45", "hours": 58.25, "limit": 50}, "scope": "week", "day": null, "resource_id": 8, "iso_week": "2025-W45"}, {"code": "hours-per-week-exceeded", "message": "Resource 8 scheduled 61.0h in ISO week 46/2025, exceeding 50h.", "severity": "critical", "meta": {"resource_id": 8, "week": "2025-W46", "hours": 61.0, "limit": 50}, "scope": "week", "day": null, "resource_id": 8, "iso_week": "2025-W46"}, {"code": "hours-per-week-exceeded", "message": "Resource 8 scheduled 58.2h in ISO week 47/2025, exceeding 50h.", "severity": "critical", "meta": {"resource_id": 8, "week": "2025-W47", "hours": 58.25, "limit": 50}, "scope": "week", "day": null, "resource_id": 8, "iso_week": "2025-W47"}, {"code": "hours-per-week-exceeded", "message": "Resource 8 scheduled 61.0h in ISO week 48/2025, exceeding 50h.", "severity": "critical", "meta": {"resource_id": 8, "week": "2025-W48", "hours": 61.0, "limit": 50}, "scope": "week", "day": null, "resource_id": 8, "iso_week": "2025-W48"}, {"code": "hours-per-week-exceeded", "message": "Resource 9 scheduled 64.8h in ISO week 46/2025, exceeding 50h.", "severity": "critical", "meta": {"resource_id": 9, "week": "2025-W46", "hours": 64.75, "limit": 50}, "scope": "week", "day": null, "resource_id": 9, "iso_week": "2025-W46"}, {"code": "hours-per-week-exceeded", "message": "Resource 9 scheduled 64.8h in ISO week 47/2025, exceeding 50h.", "severity": "critical", "meta": {"resource_id": 9, "week": "2025-W47", "hours": 64.75, "limit": 50}, "scope": "week", "day": null, "resource_id": 9, "iso_week": "2025-W47"}, {"code": "hours-per-week-exceeded", "message": "Resource 9 scheduled 64.8h in ISO week 48/2025, exceeding 50h.", "severity": "critical", "meta": {"resource_id": 9, "week": "2025-W48", "hours": 64.75, "limit": 50}, "scope": "week", "day": null, "resource_id": 9, "iso_week": "2025-W48"}, {"code": "hours-per-week-exceeded", "message": "Resource 10 scheduled 55.5h in ISO week 45/2025, exceeding 50h.", "severity": "critical", "meta": {"resource_id": 10, "week": "2025-W45", "hours": 55.5, "limit": 50}, "scope": "week", "day": null, "resource_id": 10, "iso_week": "2025-W45"}, {"code": "hours-per-week-exceeded", "message": "Resource 10 scheduled 55.5h in ISO week 46/2025, exceeding 50h.", "severity": "critical", "meta": {"resource_id": 10, "week": "2025-W46", "hours": 55.5, "limit": 50}, "scope": "week", "day": null, "resource_id": 10, "iso_week": "2025-W46"}, {"code": "hours-per-week-exceeded", "message": "Resource 10 scheduled 55.5h in ISO week 47/2025, exceeding 50h.", "severity": "critical", "meta": {"resource_id": 10, "week": "2025-W47", "hours": 55.5, "limit": 50}, "scope": "week", "day": null, "resource_id": 10, "iso_week": "2025-W47"}, {"code": "hours-per-week-exceeded", "message": "Resource 10 scheduled 55.5h in ISO week 48/2025, exceeding 50h.", "severity": "critical", "meta": {"resource_id": 10, "week": "2025-W48", "hours": 55.5, "limit": 50}, "scope": "week", "day": null, "resource_id": 10, "iso_week": "2025-W48"}, {"code": "hours-per-week-exceeded", "message": "Resource 11 scheduled 64.8h in ISO week 45/2025, exceeding 50h.", "severity": "critical", "meta": {"resource_id": 11, "week": "2025-W45", "hours": 64.75, "limit": 50}, "scope": "week", "day": null, "resource_id": 11, "iso_week": "2025-W45"}, {"code": "hours-per-week-exceeded", "message": "Resource 11 scheduled 64.8h in ISO week 46/2025, exceeding 50h.", "severity": "critical", "meta": {"resource_id": 11, "week": "2025-W46", "hours": 64.75, "limit": 50}, "scope": "week", "day": null, "resource_id": 11, "iso_week": "2025-W46"}, {"code": "hours-per-week-exceeded", "message": "Resource 11 scheduled 64.8h in ISO week 47/2025, exceeding 50h.", "severity": "critical", "meta": {"resource_id": 11, "week": "2025-W47", "hours": 64.75, "limit": 50}, "scope": "week", "day": null, "resource_id": 11, "iso_week": "2025-W47"}, {"code": "hours-per-week-exceeded", "message": "Resource 11 scheduled 64.8h in ISO week 48/2025, exceeding 50h.", "severity": "critical", "meta": {"resource_id": 11, "week": "2025-W48", "hours": 64.75, "limit": 50}, "scope": "week", "day": null, "resource_id": 11, "iso_week": "2025-W48"}, {"code": "hours-per-week-exceeded", "message": "Resource 12 scheduled 67.5h in ISO week 45/2025, exceeding 50h.", "severity": "critical", "meta": {"resource_id": 12, "week": "2025-W45", "hours": 67.5, "limit": 50}, "scope": "week", "day": null, "resource_id": 12, "iso_week": "2025-W45"}, {"code": "hours-per-week-exceeded", "message": "Resource 12 scheduled 70.2h in ISO week 46/2025, exceeding 50h.", "severity": "critical", "meta": {"resource_id": 12, "week": "2025-W46", "hours": 70.25, "limit": 50}, "scope": "week", "day": null, "resource_id": 12, "iso_week": "2025-W46"}, {"code": "hours-per-week-exceeded", "message": "Resource 12 scheduled 70.2h in ISO week 47/2025, exceeding 50h.", "severity": "critical", "meta": {"resource_id": 12, "week": "2025-W47", "hours": 70.25, "limit": 50}, "scope": "week", "day": null, "resource_id": 12, "iso_week": "2025-W47"}, {"code": "hours-per-week-exceeded", "message": "Resource 12 scheduled 70.2h in ISO week 48/2025, exceeding 50h.", "severity": "critical", "meta": {"resource_id": 12, "week": "2025-W48", "hours": 70.25, "limit": 50}, "scope": "week", "day": null, "resource_id": 12, "iso_week": "2025-W48"}, {"code": "hours-per-week-exceeded", "message": "Resource 13 scheduled 55.5h in ISO week 45/2025, exceeding 50h.", "severity": "critical", "meta": {"resource_id": 13, "week": "2025-W45", "hours": 55.5, "limit": 50}, "scope": "week", "day": null, "resource_id": 13, "iso_week": "2025-W45"}, {"code": "hours-per-week-exceeded", "message": "Resource 13 scheduled 55.5h in ISO week 46/2025, exceeding 50h.", "severity": "critical", "meta": {"resource_id": 13, "week": "2025-W46", "hours": 55.5, "limit": 50}, "scope": "week", "day": null, "resource_id": 13, "iso_week": "2025-W46"}, {"code": "hours-per-week-exceeded", "message": "Resource 13 scheduled 55.5h in ISO week 47/2025, exceeding 50h.", "severity": "critical", "meta": {"resource_id": 13, "week": "2025-W47", "hours": 55.5, "limit": 50}, "scope": "week", "day": null, "resource_id": 13, "iso_week": "2025-W47"}, {"code": "hours-per-week-exceeded", "message": "Resource 13 scheduled 55.5h in ISO week 48/2025, exceeding 50h.", "severity": "critical", "meta": {"resource_id": 13, "week": "2025-W48", "hours": 55.5, "limit": 50}, "scope": "week", "day": null, "resource_id": 13, "iso_week": "2025-W48"}, {"code": "hours-per-week-exceeded", "message": "Resource 14 scheduled 58.2h in ISO week 45/2025, exceeding 50h.", "severity": "critical", "meta": {"resource_id": 14, "week": "2025-W45", "hours": 58.25, "limit": 50}, "scope": "week", "day": null, "resource_id": 14, "iso_week": "2025-W45"}, {"code": "hours-per-week-exceeded", "message": "Resource 14 scheduled 61.0h in ISO week 46/2025, exceeding 50h.", "severity": "critical", "meta": {"resource_id": 14, "week": "2025-W46", "hours": 61.0, "limit": 50}, "scope": "week", "day": null, "resource_id": 14, "iso_week": "2025-W46"}, {"code": "hours-per-week-exceeded", "message": "Resource 14 scheduled 58.2h in ISO week 47/2025, exceeding 50h.", "severity": "critical", "meta": {"resource_id": 14, "week": "2025-W47", "hours": 58.25, "limit": 50}, "scope": "week", "day": null, "resource_id": 14, "iso_week": "2025-W47"}, {"code": "hours-per-week-exceeded", "message": "Resource 14 scheduled 61.0h in ISO week 48/2025, exceeding 50h.", "severity": "critical", "meta": {"resource_id": 14, "week": "2025-W48", "hours": 61.0, "limit": 50}, "scope": "week", "day": null, "resource_id": 14, "iso_week": "2025-W48"}, {"code": "hours-per-week-exceeded", "message": "Resource 15 scheduled 54.5h in ISO week 45/2025, exceeding 50h.", "severity": "critical", "meta": {"resource_id": 15, "week": "2025-W45", "hours": 54.5, "limit": 50}, "scope": "week", "day": null, "resource_id": 15, "iso_week": "2025-W45"}, {"code": "hours-per-week-exceeded", "message": "Resource 15 scheduled 51.8h in ISO week 46/2025, exceeding 50h.", "severity": "critical", "meta": {"resource_id": 15, "week": "2025-W46", "hours": 51.75, "limit": 50}, "scope": "week", "day": null, "resource_id": 15, "iso_week": "2025-W46"}, {"code": "hours-per-week-exceeded", "message": "Resource 15 scheduled 54.5h in ISO week 47/2025, exceeding 50h.", "severity": "critical", "meta": {"resource_id": 15, "week": "2025-W47", "hours": 54.5, "limit": 50}, "scope": "week", "day": null, "resource_id": 15, "iso_week": "2025-W47"}, {"code": "hours-per-week-exceeded", "message": "Resource 15 scheduled 51.8h in ISO week 48/2025, exceeding 50h.", "severity": "critical", "meta": {"resource_id": 15, "week": "2025-W48", "hours": 51.75, "limit": 50}, "scope": "week", "day": null, "resource_id": 15, "iso_week": "2025-W48"}, {"code": "days-per-week-exceeded", "message": "Resource 1 works 7 days in ISO week 45/2025, limit is 6.", "severity": "critical", "meta": {"resource_id": 1, "week": "2025-W45", "days": 7, "limit": 6}, "scope": "week", "day": null, "resource_id": 1, "iso_week": "2025-W45"}, {"code": "days-per-week-exceeded", "message": "Resource 1 works 7 days in ISO week 46/2025, limit is 6.", "severity": "critical", "meta": {"resource_id": 1, "week": "2025-W46", "days": 7, "limit": 6}, "scope": "week", "day": null, "resource_id": 1, "iso_week": "2025-W46"}, {"code": "days-per-week-exceeded", "message": "Resource 1 works 7 days in ISO week 47/2025, limit is 6.", "severity": "critical", "meta": {"resource_id": 1, "week": "2025-W47", "days": 7, "limit": 6}, "scope": "week", "day": null, "resource_id": 1, "iso_week": "2025-W47"}, {"code": "days-per-week-exceeded", "message": "Resource 1 works 7 days in ISO week 48/2025, limit is 6.", "severity": "critical", "meta": {"resource_id": 1, "week": "2025-W48", "days": 7, "limit": 6}, "scope": "week", "day": null, "resource_id": 1, "iso_week": "2025-W48"}, {"code": "days-per-week-exceeded", "message": "Resource 2 works 7 days in ISO week 45/2025, limit is 6.", "severity": "critical", "meta": {"resource_id": 2, "week": "2025-W45", "days": 7, "limit": 6}, "scope": "week", "day": null, "resource_id": 2, "iso_week": "2025-W45"}, {"code": "days-per-week-exceeded", "message": "Resource 2 works 7 days in ISO week 46/2025, limit is 6.", "severity": "critical", "meta": {"resource_id": 2, "week": "2025-W46", "days": 7, "limit": 6}, "scope": "week", "day": null, "resource_id": 2, "iso_week": "2025-W46"}, {"code": "days-per-week-exceeded", "message": "Resource 2 works 7 days in ISO week 47/2025, limit is 6.", "severity": "critical", "meta": {"resource_id": 2, "week": "2025-W47", "days": 7, "limit": 6}, "scope": "week", "day": null, "resource_id": 2, "iso_week": "2025-W47"}, {"code": "days-per-week-exceeded", "message": "Resource 2 works 7 days in ISO week 48/2025, limit is 6.", "severity": "critical", "meta": {"resource_id": 2, "week": "2025-W48", "days": 7, "limit": 6}, "scope": "week", "day": null, "resource_id": 2, "iso_week": "2025-W48"}, {"code": "days-per-week-exceeded", "message": "Resource 4 works 7 days in ISO week 45/2025, limit is 6.", "severity": "critical", "meta": {"resource_id": 4, "week": "2025-W45", "days": 7, "limit": 6}, "scope": "week", "day": null, "resource_id": 4, "iso_week": "2025-W45"}, {"code": "days-per-week-exceeded", "message": "Resource 4 works 7 days in ISO week 46/2025, limit is 6.", "severity": "critical", "meta": {"resource_id": 4, "week": "2025-W46", "days": 7, "limit": 6}, "scope": "week", "day": null, "resource_id": 4, "iso_week": "2025-W46"}, {"code": "days-per-week-exceeded", "message": "Resource 4 works 7 days in ISO week 47/2025, limit is 6.", "severity": "critical", "meta": {"resource_id": 4, "week": "2025-W47", "days": 7, "limit": 6}, "scope": "week", "day": null, "resource_id": 4, "iso_week": "2025-W47"}, {"code": "days-per-week-exceeded", "message": "Resource 4 works 7 days in ISO week 48/2025, limit is 6.", "severity": "critical", "meta": {"resource_id": 4, "week": "2025-W48", "days": 7, "limit": 6}, "scope": "week", "day": null, "resource_id": 4, "iso_week": "2025-W48"}, {"code": "days-per-week-exceeded", "message": "Resource 6 works 7 days in ISO week 45/2025, limit is 6.", "severity": "critical", "meta": {"resource_id": 6, "week": "2025-W45", "days": 7, "limit": 6}, "scope": "week", "day": null, "resource_id": 6, "iso_week": "2025-W45"}, {"code": "days-per-week-exceeded", "message": "Resource 6 works 7 days in ISO week 46/2025, limit is 6.", "severity": "critical", "meta": {"resource_id": 6, "week": "2025-W46", "days": 7, "limit": 6}, "scope": "week", "day": null, "resource_id": 6, "iso_week": "2025-W46"}, {"code": "days-per-week-exceeded", "message": "Resource 6 works 7 days in ISO week 47/2025, limit is 6.", "severity": "critical", "meta": {"resource_id": 6, "week": "2025-W47", "days": 7, "limit": 6}, "scope": "week", "day": null, "resource_id": 6, "iso_week": "2025-W47"}, {"code": "days-per-week-exceeded", "message": "Resource 6 works 7 days in ISO week 48/2025, limit is 6.", "severity": "critical", "meta": {"resource_id": 6, "week": "2025-W48", "days": 7, "limit": 6}, "scope": "week", "day": null, "resource_id": 6, "iso_week": "2025-W48"}, {"code": "days-per-week-exceeded", "message": "Resource 7 works 7 days in ISO week 45/2025, limit is 6.", "severity": "critical", "meta": {"resource_id": 7, "week": "2025-W45", "days": 7, "limit": 6}, "scope": "week", "day": null, "resource_id": 7, "iso_week": "2025-W45"}, {"code": "days-per-week-exceeded", "message": "Resource 7 works 7 days in ISO week 46/2025, limit is 6.", "severity": "critical", "meta": {"resource_id": 7, "week": "2025-W46", "days": 7, "limit": 6}, "scope": "week", "day": null, "resource_id": 7, "iso_week": "2025-W46"}, {"code": "days-per-week-exceeded", "message": "Resource 7 works 7 days in ISO week 47/2025, limit is 6.", "severity": "critical", "meta": {"resource_id": 7, "week": "2025-W47", "days": 7, "limit": 6}, "scope": "week", "day": null, "resource_id": 7, "iso_week": "2025-W47"}, {"code": "days-per-week-exceeded", "message": "Resource 7 works 7 days in ISO week 48/2025, limit is 6.", "severity": "critical", "meta": {"resource_id": 7, "week": "2025-W48", "days": 7, "limit": 6}, "scope": "week", "day": null, "resource_id": 7, "iso_week": "2025-W48"}, {"code": "days-per-week-exceeded", "message": "Resource 9 works 7 days in ISO week 46/2025, limit is 6.", "severity": "critical", "meta": {"resource_id": 9, "week": "2025-W46", "days": 7, "limit": 6}, "scope": "week", "day": null, "resource_id": 9, "iso_week": "2025-W46"}, {"code": "days-per-week-exceeded", "message": "Resource 9 works 7 days in ISO week 47/2025, limit is 6.", "severity": "critical", "meta": {"resource_id": 9, "week": "2025-W47", "days": 7, "limit": 6}, "scope": "week", "day": null, "resource_id": 9, "iso_week": "2025-W47"}, {"code": "days-per-week-exceeded", "message": "Resource 9 works 7 days in ISO week 48/2025, limit is 6.", "severity": "critical", "meta": {"resource_id": 9, "week": "2025-W48", "days": 7, "limit": 6}, "scope": "week", "day": null, "resource_id": 9, "iso_week": "2025-W48"}, {"code": "days-per-week-exceeded", "message": "Resource 11 works 7 days in ISO week 45/2025, limit is 6.", "severity": "critical", "meta": {"resource_id": 11, "week": "2025-W45", "days": 7, "limit": 6}, "scope": "week", "day": null, "resource_id": 11, "iso_week": "2025-W45"}, {"code": "days-per-week-exceeded", "message": "Resource 11 works 7 days in ISO week 46/2025, limit is 6.", "severity": "critical", "meta": {"resource_id": 11, "week": "2025-W46", "days": 7, "limit": 6}, "scope": "week", "day": null, "resource_id": 11, "iso_week": "2025-W46"}, {"code": "days-per-week-exceeded", "message": "Resource 11 works 7 days in ISO week 47/2025, limit is 6.", "severity": "critical", "meta": {"resource_id": 11, "week": "2025-W47", "days": 7, "limit": 6}, "scope": "week", "day": null, "resource_id": 11, "iso_week": "2025-W47"}, {"code": "days-per-week-exceeded", "message": "Resource 11 works 7 days in ISO week 48/2025, limit is 6.", "severity": "critical", "meta": {"resource_id": 11, "week": "2025-W48", "days": 7, "limit": 6}, "scope": "week", "day": null, "resource_id": 11, "iso_week": "2025-W48"}, {"code": "days-per-week-exceeded", "message": "Resource 12 works 7 days in ISO week 45/2025, limit is 6.", "severity": "critical", "meta": {"resource_id": 12, "week": "2025-W45", "days": 7, "limit": 6}, "scope": "week", "day": null, "resource_id": 12, "iso_week": "2025-W45"}, {"code": "days-per-week-exceeded", "message": "Resource 12 works 7 days in ISO week 46/2025, limit is 6.", "severity": "critical", "meta": {"resource_id": 12, "week": "2025-W46", "days": 7, "limit": 6}, "scope": "week", "day": null, "resource_id": 12, "iso_week": "2025-W46"}, {"code": "days-per-week-exceeded", "message": "Resource 12 works 7 days in ISO week 47/2025, limit is 6.", "severity": "critical", "meta": {"resource_id": 12, "week": "2025-W47", "days": 7, "limit": 6}, "scope": "week", "day": null, "resource_id": 12, "iso_week": "2025-W47"}, {"code": "days-per-week-exceeded", "message": "Resource 12 works 7 days in ISO week 48/2025, limit is 6.", "severity": "critical", "meta": {"resource_id": 12, "week": "2025-W48", "days": 7, "limit": 6}, "scope": "week", "day": null, "resource_id": 12, "iso_week": "2025-W48"}, {"code": "consecutive-days-exceeded", "message": "Resource 1 works 30 consecutive days; limit is 6.", "severity": "critical", "meta": {"resource_id": 1, "streak": 30}, "scope": "resource", "day": null, "resource_id": 1, "iso_week": null}, {"code": "insufficient-consecutive-rest", "message": "Resource 1 does not have 2 consecutive days off in 2025-11.", "severity": "warning", "meta": {"resource_id": 1, "required_off": 2}, "scope": "resource", "day": null, "resource_id": 1, "iso_week": null}, {"code": "consecutive-days-exceeded", "message": "Resource 2 works 30 consecutive days; limit is 6.", "severity": "critical", "meta": {"resource_id": 2, "streak": 30}, "scope": "resource", "day": null, "resource_id": 2, "iso_week": null}, {"code": "insufficient-consecutive-rest", "message": "Resource 2 does not have 2 consecutive days off in 2025-11.", "severity": "warning", "meta": {"resource_id": 2, "required_off": 2}, "scope": "resource", "day": null, "resource_id": 2, "iso_week": null}, {"code": "insufficient-consecutive-rest", "message": "Resource 3 does not have 2 consecutive days off in 2025-11.", "severity": "warning", "meta": {"resource_id": 3, "required_off": 2}, "scope": "resource", "day": null, "resource_id": 3, "iso_week": null}, {"code": "consecutive-days-exceeded", "message": "Resource 4 works 30 consecutive days; limit is 6.", "severity": "critical", "meta": {"resource_id": 4, "streak": 30}, "scope": "resource", "day": null, "resource_id": 4, "iso_week": null}, {"code": "insufficient-consecutive-rest", "message": "Resource 4 does not have 2 consecutive days off in 2025-11.", "severity": "warning", "meta": {"resource_id": 4, "required_off": 2}, "scope": "resource", "day": null, "resource_id": 4, "iso_week": null}, {"code": "insufficient-consecutive-rest", "message": "Resource 5 does not have 2 consecutive days off in 2025-11.", "severity": "warning", "meta": {"resource_id": 5, "required_off": 2}, "scope": "resource", "day": null, "resource_id": 5, "iso_week": null}, {"code": "consecutive-days-exceeded", "message": "Resource 6 works 30 consecutive days; limit is 6.", "severity": "critical", "meta": {"resource_id": 6, "streak": 30}, "scope": "resource", "day": null, "resource_id": 6, "iso_week": null}, {"code": "insufficient-consecutive-rest", "message": "Resource 6 does not have 2 consecutive days off in 2025-11.", "severity": "warning", "meta": {"resource_id": 6, "required_off": 2}, "scope": "resource", "day": null, "resource_id": 6, "iso_week": null}, {"code": "consecutive-days-exceeded", "message": "Resource 7 works 30 consecutive days; limit is 6.", "severity": "critical", "meta": {"resource_id": 7, "streak": 30}, "scope": "resource", "day": null, "resource_id": 7, "iso_week": null}, {"code": "insufficient-consecutive-rest", "message": "Resource 7 does not have 2 consecutive days off in 2025-11.", "severity": "warning", "meta": {"resource_id": 7, "required_off": 2}, "scope": "resource", "day": null, "resource_id": 7, "iso_week": null}, {"code": "insufficient-consecutive-rest", "message": "Resource 8 does not have 2 consecutive days off in 2025-11.", "severity": "warning", "meta": {"resource_id": 8, "required_off": 2}, "scope": "resource", "day": null, "resource_id": 8, "iso_week": null}, {"code": "consecutive-days-exceeded", "message": "Resource 9 works 22 consecutive days; limit is 6.", "severity": "critical", "meta": {"resource_id": 9, "streak": 22}, "scope": "resource", "day": null, "resource_id": 9, "iso_week": null}, {"code": "insufficient-consecutive-rest", "message": "Resource 10 does not have 2 consecutive days off in 2025-11.", "severity": "warning", "meta": {"resource_id": 10, "required_off": 2}, "scope": "resource", "day": null, "resource_id": 10, "iso_week": null}, {"code": "consecutive-days-exceeded", "message": "Resource 11 works 30 consecutive days; limit is 6.", "severity": "critical", "meta": {"resource_id": 11, "streak": 30}, "scope": "resource", "day": null, "resource_id": 11, "iso_week": null}, {"code": "insufficient-consecutive-rest", "message": "Resource 11 does not have 2 consecutive days off in 2025-11.", "severity": "warning", "meta": {"resource_id": 11, "required_off": 2}, "scope": "resource", "day": null, "resource_id": 11, "iso_week": null}, {"code": "consecutive-days-exceeded", "message": "Resource 12 works 30 consecutive days; limit is 6.", "severity": "critical", "meta": {"resource_id": 12, "streak": 30}, "scope": "resource", "day": null, "resource_id": 12, "iso_week": null}, {"code": "insufficient-consecutive-rest", "message": "Resource 12 does not have 2 consecutive days off in 2025-11.", "severity": "warning", "meta": {"resource_id": 12, "required_off": 2}, "scope": "resource", "day": null, "resource_id": 12, "iso_week": null}, {"code": "insufficient-consecutive-rest", "message": "Resource 13 does not have 2 consecutive days off in 2025-11.", "severity": "warning", "meta": {"resource_id": 13, "required_off": 2}, "scope": "resource", "day": null, "resource_id": 13, "iso_week": null}, {"code": "insufficient-consecutive-rest", "message": "Resource 14 does not have 2 consecutive days off in 2025-11.", "severity": "warning", "meta": {"resource_id": 14, "required_off": 2}, "scope": "resource", "day": null, "resource_id": 14, "iso_week": null}]'::jsonb);
INSERT INTO planversion (id, scenario_id, version_label, published_at, published_by, summary_hours) VALUES (1, 1, 'v1', NULL, NULL, '{"entries": 413, "violations": 201, "critical_violations": 188}');
INSERT INTO planningentry (id, resource_id, shift_code, date, absence_type, comment, scenario_id) VALUES (1, 1, 1, '2025-11-01', NULL, 'AUTO-STUB', 1);
INSERT INTO planningentry (id, resource_id, shift_code, date, absence_type, comment, scenario_id) VALUES (2, 2, 1, '2025-11-01', NULL, 'AUTO-STUB', 1);
INSERT INTO planningentry (id, resource_id, shift_code, date, absence_type, comment, scenario_id) VALUES (3, 3, 10, '2025-11-01', NULL, 'AUTO-STUB', 1);
INSERT INTO planningentry (id, resource_id, shift_code, date, absence_type, comment, scenario_id) VALUES (4, 4, 4, '2025-11-01', NULL, 'AUTO-STUB', 1);
INSERT INTO planningentry (id, resource_id, shift_code, date, absence_type, comment, scenario_id) VALUES (5, 5, 8, '2025-11-01', NULL, 'AUTO-STUB', 1);
INSERT INTO planningentry (id, resource_id, shift_code, date, absence_type, comment, scenario_id) VALUES (6, 6, 1, '2025-11-01', NULL, 'AUTO-STUB', 1);
INSERT INTO planningentry (id, resource_id, shift_code, date, absence_type, comment, scenario_id) VALUES (7, 7, 1, '2025-11-01', NULL, 'AUTO-STUB', 1);
INSERT INTO planningentry (id, resource_id, shift_code, date, absence_type, comment, scenario_id) VALUES (8, 8, 1, '2025-11-01', NULL, 'AUTO-STUB', 1);
INSERT INTO planningentry (id, resource_id, shift_code, date, absence_type, comment, scenario_id) VALUES (9, 9, 8, '2025-11-01', NULL, 'AUTO-STUB', 1);
INSERT INTO planningentry (id, resource_id, shift_code, date, absence_type, comment, scenario_id) VALUES (10, 10, 1, '2025-11-01', NULL, 'AUTO-STUB', 1);
INSERT INTO planningentry (id, resource_id, shift_code, date, absence_type, comment, scenario_id) VALUES (11, 11, 10, '2025-11-01', NULL, 'AUTO-STUB', 1);
INSERT INTO planningentry (id, resource_id, shift_code, date, absence_type, comment, scenario_id) VALUES (12, 12, 1, '2025-11-01', NULL, 'AUTO-STUB', 1);
INSERT INTO planningentry (id, resource_id, shift_code, date, absence_type, comment, scenario_id) VALUES (13, 13, 1, '2025-11-01', NULL, 'AUTO-STUB', 1);
INSERT INTO planningentry (id, resource_id, shift_code, date, absence_type, comment, scenario_id) VALUES (14, 14, 1, '2025-11-01', NULL, 'AUTO-STUB', 1);
INSERT INTO planningentry (id, resource_id, shift_code, date, absence_type, comment, scenario_id) VALUES (15, 15, 4, '2025-11-01', NULL, 'AUTO-STUB', 1);
INSERT INTO planningentry (id, resource_id, shift_code, date, absence_type, comment, scenario_id) VALUES (16, 1, 8, '2025-11-02', NULL, 'AUTO-STUB', 1);
INSERT INTO planningentry (id, resource_id, shift_code, date, absence_type, comment, scenario_id) VALUES (17, 2, 1, '2025-11-02', NULL, 'AUTO-STUB', 1);
INSERT INTO planningentry (id, resource_id, shift_code, date, absence_type, comment, scenario_id) VALUES (18, 3, 10, '2025-11-02', NULL, 'AUTO-STUB', 1);
INSERT INTO planningentry (id, resource_id, shift_code, date, absence_type, comment, scenario_id) VALUES (19, 4, 4, '2025-11-02', NULL, 'AUTO-STUB', 1);
INSERT INTO planningentry (id, resource_id, shift_code, date, absence_type, comment, scenario_id) VALUES (20, 5, 8, '2025-11-02', NULL, 'AUTO-STUB', 1);
INSERT INTO planningentry (id, resource_id, shift_code, date, absence_type, comment, scenario_id) VALUES (21, 6, 4, '2025-11-02', NULL, 'AUTO-STUB', 1);
INSERT INTO planningentry (id, resource_id, shift_code, date, absence_type, comment, scenario_id) VALUES (22, 7, 8, '2025-11-02', NULL, 'AUTO-STUB', 1);
INSERT INTO planningentry (id, resource_id, shift_code, date, absence_type, comment, scenario_id) VALUES (23, 8, 4, '2025-11-02', NULL, 'AUTO-STUB', 1);
INSERT INTO planningentry (id, resource_id, shift_code, date, absence_type, comment, scenario_id) VALUES (24, 9, 10, '2025-11-02', NULL, 'AUTO-STUB', 1);
INSERT INTO planningentry (id, resource_id, shift_code, date, absence_type, comment, scenario_id) VALUES (25, 10, 8, '2025-11-02', NULL, 'AUTO-STUB', 1);
INSERT INTO planningentry (id, resource_id, shift_code, date, absence_type, comment, scenario_id) VALUES (26, 11, 10, '2025-11-02', NULL, 'AUTO-STUB', 1);
INSERT INTO planningentry (id, resource_id, shift_code, date, absence_type, comment, scenario_id) VALUES (27, 12, 4, '2025-11-02', NULL, 'AUTO-STUB', 1);
INSERT INTO planningentry (id, resource_id, shift_code, date, absence_type, comment, scenario_id) VALUES (28, 13, 1, '2025-11-02', NULL, 'AUTO-STUB', 1);
INSERT INTO planningentry (id, resource_id, shift_code, date, absence_type, comment, scenario_id) VALUES (29, 14, 4, '2025-11-02', NULL, 'AUTO-STUB', 1);
INSERT INTO planningentry (id, resource_id, shift_code, date, absence_type, comment, scenario_id) VALUES (30, 15, 10, '2025-11-02', NULL, 'AUTO-STUB', 1);
INSERT INTO planningentry (id, resource_id, shift_code, date, absence_type, comment, scenario_id) VALUES (31, 1, 1, '2025-11-03', NULL, 'AUTO-STUB', 1);
INSERT INTO planningentry (id, resource_id, shift_code, date, absence_type, comment, scenario_id) VALUES (32, 2, 1, '2025-11-03', NULL, 'AUTO-STUB', 1);
INSERT INTO planningentry (id, resource_id, shift_code, date, absence_type, comment, scenario_id) VALUES (33, 3, 10, '2025-11-03', NULL, 'AUTO-STUB', 1);
INSERT INTO planningentry (id, resource_id, shift_code, date, absence_type, comment, scenario_id) VALUES (34, 4, 4, '2025-11-03', NULL, 'AUTO-STUB', 1);
INSERT INTO planningentry (id, resource_id, shift_code, date, absence_type, comment, scenario_id) VALUES (35, 5, 8, '2025-11-03', NULL, 'AUTO-STUB', 1);
INSERT INTO planningentry (id, resource_id, shift_code, date, absence_type, comment, scenario_id) VALUES (36, 6, 1, '2025-11-03', NULL, 'AUTO-STUB', 1);
INSERT INTO planningentry (id, resource_id, shift_code, date, absence_type, comment, scenario_id) VALUES (37, 7, 1, '2025-11-03', NULL, 'AUTO-STUB', 1);
INSERT INTO planningentry (id, resource_id, shift_code, date, absence_type, comment, scenario_id) VALUES (38, 8, 8, '2025-11-03', NULL, 'AUTO-STUB', 1);
INSERT INTO planningentry (id, resource_id, shift_code, date, absence_type, comment, scenario_id) VALUES (39, 9, 8, '2025-11-03', NULL, 'AUTO-STUB', 1);
INSERT INTO planningentry (id, resource_id, shift_code, date, absence_type, comment, scenario_id) VALUES (40, 10, 10, '2025-11-03', NULL, 'AUTO-STUB', 1);
INSERT INTO planningentry (id, resource_id, shift_code, date, absence_type, comment, scenario_id) VALUES (41, 11, 10, '2025-11-03', NULL, 'AUTO-STUB', 1);
INSERT INTO planningentry (id, resource_id, shift_code, date, absence_type, comment, scenario_id) VALUES (42, 12, 8, '2025-11-03', NULL, 'AUTO-STUB', 1);
INSERT INTO planningentry (id, resource_id, shift_code, date, absence_type, comment, scenario_id) VALUES (43, 13, 1, '2025-11-03', NULL, 'AUTO-STUB', 1);
INSERT INTO planningentry (id, resource_id, shift_code, date, absence_type, comment, scenario_id) VALUES (44, 14, 8, '2025-11-03', NULL, 'AUTO-STUB', 1);
INSERT INTO planningentry (id, resource_id, shift_code, date, absence_type, comment, scenario_id) VALUES (45, 15, 4, '2025-11-03', NULL, 'AUTO-STUB', 1);
INSERT INTO planningentry (id, resource_id, shift_code, date, absence_type, comment, scenario_id) VALUES (46, 1, 8, '2025-11-04', NULL, 'AUTO-STUB', 1);
INSERT INTO planningentry (id, resource_id, shift_code, date, absence_type, comment, scenario_id) VALUES (47, 2, 1, '2025-11-04', NULL, 'AUTO-STUB', 1);
INSERT INTO planningentry (id, resource_id, shift_code, date, absence_type, comment, scenario_id) VALUES (48, 3, 10, '2025-11-04', NULL, 'AUTO-STUB', 1);
INSERT INTO planningentry (id, resource_id, shift_code, date, absence_type, comment, scenario_id) VALUES (49, 4, 4, '2025-11-04', NULL, 'AUTO-STUB', 1);
INSERT INTO planningentry (id, resource_id, shift_code, date, absence_type, comment, scenario_id) VALUES (50, 5, 8, '2025-11-04', NULL, 'AUTO-STUB', 1);
INSERT INTO planningentry (id, resource_id, shift_code, date, absence_type, comment, scenario_id) VALUES (51, 6, 4, '2025-11-04', NULL, 'AUTO-STUB', 1);
INSERT INTO planningentry (id, resource_id, shift_code, date, absence_type, comment, scenario_id) VALUES (52, 7, 8, '2025-11-04', NULL, 'AUTO-STUB', 1);
INSERT INTO planningentry (id, resource_id, shift_code, date, absence_type, comment, scenario_id) VALUES (53, 8, 10, '2025-11-04', NULL, 'AUTO-STUB', 1);
INSERT INTO planningentry (id, resource_id, shift_code, date, absence_type, comment, scenario_id) VALUES (54, 10, 1, '2025-11-04', NULL, 'AUTO-STUB', 1);
INSERT INTO planningentry (id, resource_id, shift_code, date, absence_type, comment, scenario_id) VALUES (55, 11, 10, '2025-11-04', NULL, 'AUTO-STUB', 1);
INSERT INTO planningentry (id, resource_id, shift_code, date, absence_type, comment, scenario_id) VALUES (56, 12, 10, '2025-11-04', NULL, 'AUTO-STUB', 1);
INSERT INTO planningentry (id, resource_id, shift_code, date, absence_type, comment, scenario_id) VALUES (57, 13, 1, '2025-11-04', NULL, 'AUTO-STUB', 1);
INSERT INTO planningentry (id, resource_id, shift_code, date, absence_type, comment, scenario_id) VALUES (58, 14, 10, '2025-11-04', NULL, 'AUTO-STUB', 1);
INSERT INTO planningentry (id, resource_id, shift_code, date, absence_type, comment, scenario_id) VALUES (59, 15, 10, '2025-11-04', NULL, 'AUTO-STUB', 1);
INSERT INTO planningentry (id, resource_id, shift_code, date, absence_type, comment, scenario_id) VALUES (60, 1, 1, '2025-11-05', NULL, 'AUTO-STUB', 1);
INSERT INTO planningentry (id, resource_id, shift_code, date, absence_type, comment, scenario_id) VALUES (61, 2, 1, '2025-11-05', NULL, 'AUTO-STUB', 1);
INSERT INTO planningentry (id, resource_id, shift_code, date, absence_type, comment, scenario_id) VALUES (62, 3, 10, '2025-11-05', NULL, 'AUTO-STUB', 1);
INSERT INTO planningentry (id, resource_id, shift_code, date, absence_type, comment, scenario_id) VALUES (63, 4, 4, '2025-11-05', NULL, 'AUTO-STUB', 1);
INSERT INTO planningentry (id, resource_id, shift_code, date, absence_type, comment, scenario_id) VALUES (64, 5, 8, '2025-11-05', NULL, 'AUTO-STUB', 1);
INSERT INTO planningentry (id, resource_id, shift_code, date, absence_type, comment, scenario_id) VALUES (65, 6, 1, '2025-11-05', NULL, 'AUTO-STUB', 1);
INSERT INTO planningentry (id, resource_id, shift_code, date, absence_type, comment, scenario_id) VALUES (66, 7, 1, '2025-11-05', NULL, 'AUTO-STUB', 1);
INSERT INTO planningentry (id, resource_id, shift_code, date, absence_type, comment, scenario_id) VALUES (67, 8, 1, '2025-11-05', NULL, 'AUTO-STUB', 1);
INSERT INTO planningentry (id, resource_id, shift_code, date, absence_type, comment, scenario_id) VALUES (68, 10, 8, '2025-11-05', NULL, 'AUTO-STUB', 1);
INSERT INTO planningentry (id, resource_id, shift_code, date, absence_type, comment, scenario_id) VALUES (69, 11, 10, '2025-11-05', NULL, 'AUTO-STUB', 1);
INSERT INTO planningentry (id, resource_id, shift_code, date, absence_type, comment, scenario_id) VALUES (70, 12, 1, '2025-11-05', NULL, 'AUTO-STUB', 1);
INSERT INTO planningentry (id, resource_id, shift_code, date, absence_type, comment, scenario_id) VALUES (71, 13, 1, '2025-11-05', NULL, 'AUTO-STUB', 1);
INSERT INTO planningentry (id, resource_id, shift_code, date, absence_type, comment, scenario_id) VALUES (72, 14, 1, '2025-11-05', NULL, 'AUTO-STUB', 1);
INSERT INTO planningentry (id, resource_id, shift_code, date, absence_type, comment, scenario_id) VALUES (73, 15, 4, '2025-11-05', NULL, 'AUTO-STUB', 1);
INSERT INTO planningentry (id, resource_id, shift_code, date, absence_type, comment, scenario_id) VALUES (74, 1, 8, '2025-11-06', NULL, 'AUTO-STUB', 1);
INSERT INTO planningentry (id, resource_id, shift_code, date, absence_type, comment, scenario_id) VALUES (75, 2, 1, '2025-11-06', NULL, 'AUTO-STUB', 1);
INSERT INTO planningentry (id, resource_id, shift_code, date, absence_type, comment, scenario_id) VALUES (76, 3, 10, '2025-11-06', NULL, 'AUTO-STUB', 1);
INSERT INTO planningentry (id, resource_id, shift_code, date, absence_type, comment, scenario_id) VALUES (77, 4, 4, '2025-11-06', NULL, 'AUTO-STUB', 1);
INSERT INTO planningentry (id, resource_id, shift_code, date, absence_type, comment, scenario_id) VALUES (78, 5, 8, '2025-11-06', NULL, 'AUTO-STUB', 1);
INSERT INTO planningentry (id, resource_id, shift_code, date, absence_type, comment, scenario_id) VALUES (79, 6, 4, '2025-11-06', NULL, 'AUTO-STUB', 1);
INSERT INTO planningentry (id, resource_id, shift_code, date, absence_type, comment, scenario_id) VALUES (80, 7, 8, '2025-11-06', NULL, 'AUTO-STUB', 1);
INSERT INTO planningentry (id, resource_id, shift_code, date, absence_type, comment, scenario_id) VALUES (81, 8, 4, '2025-11-06', NULL, 'AUTO-STUB', 1);
INSERT INTO planningentry (id, resource_id, shift_code, date, absence_type, comment, scenario_id) VALUES (82, 10, 10, '2025-11-06', NULL, 'AUTO-STUB', 1);
INSERT INTO planningentry (id, resource_id, shift_code, date, absence_type, comment, scenario_id) VALUES (83, 11, 10, '2025-11-06', NULL, 'AUTO-STUB', 1);
INSERT INTO planningentry (id, resource_id, shift_code, date, absence_type, comment, scenario_id) VALUES (84, 12, 4, '2025-11-06', NULL, 'AUTO-STUB', 1);
INSERT INTO planningentry (id, resource_id, shift_code, date, absence_type, comment, scenario_id) VALUES (85, 13, 1, '2025-11-06', NULL, 'AUTO-STUB', 1);
INSERT INTO planningentry (id, resource_id, shift_code, date, absence_type, comment, scenario_id) VALUES (86, 14, 4, '2025-11-06', NULL, 'AUTO-STUB', 1);
INSERT INTO planningentry (id, resource_id, shift_code, date, absence_type, comment, scenario_id) VALUES (87, 1, 1, '2025-11-07', NULL, 'AUTO-STUB', 1);
INSERT INTO planningentry (id, resource_id, shift_code, date, absence_type, comment, scenario_id) VALUES (88, 2, 1, '2025-11-07', NULL, 'AUTO-STUB', 1);
INSERT INTO planningentry (id, resource_id, shift_code, date, absence_type, comment, scenario_id) VALUES (89, 4, 4, '2025-11-07', NULL, 'AUTO-STUB', 1);
INSERT INTO planningentry (id, resource_id, shift_code, date, absence_type, comment, scenario_id) VALUES (90, 6, 1, '2025-11-07', NULL, 'AUTO-STUB', 1);
INSERT INTO planningentry (id, resource_id, shift_code, date, absence_type, comment, scenario_id) VALUES (91, 7, 1, '2025-11-07', NULL, 'AUTO-STUB', 1);
INSERT INTO planningentry (id, resource_id, shift_code, date, absence_type, comment, scenario_id) VALUES (92, 11, 10, '2025-11-07', NULL, 'AUTO-STUB', 1);
INSERT INTO planningentry (id, resource_id, shift_code, date, absence_type, comment, scenario_id) VALUES (93, 12, 8, '2025-11-07', NULL, 'AUTO-STUB', 1);
INSERT INTO planningentry (id, resource_id, shift_code, date, absence_type, comment, scenario_id) VALUES (94, 1, 8, '2025-11-08', NULL, 'AUTO-STUB', 1);
INSERT INTO planningentry (id, resource_id, shift_code, date, absence_type, comment, scenario_id) VALUES (95, 2, 1, '2025-11-08', NULL, 'AUTO-STUB', 1);
INSERT INTO planningentry (id, resource_id, shift_code, date, absence_type, comment, scenario_id) VALUES (96, 3, 10, '2025-11-08', NULL, 'AUTO-STUB', 1);
INSERT INTO planningentry (id, resource_id, shift_code, date, absence_type, comment, scenario_id) VALUES (97, 4, 4, '2025-11-08', NULL, 'AUTO-STUB', 1);
INSERT INTO planningentry (id, resource_id, shift_code, date, absence_type, comment, scenario_id) VALUES (98, 5, 8, '2025-11-08', NULL, 'AUTO-STUB', 1);
INSERT INTO planningentry (id, resource_id, shift_code, date, absence_type, comment, scenario_id) VALUES (99, 6, 4, '2025-11-08', NULL, 'AUTO-STUB', 1);
INSERT INTO planningentry (id, resource_id, shift_code, date, absence_type, comment, scenario_id) VALUES (100, 7, 8, '2025-11-08', NULL, 'AUTO-STUB', 1);
INSERT INTO planningentry (id, resource_id, shift_code, date, absence_type, comment, scenario_id) VALUES (101, 8, 8, '2025-11-08', NULL, 'AUTO-STUB', 1);
INSERT INTO planningentry (id, resource_id, shift_code, date, absence_type, comment, scenario_id) VALUES (102, 10, 1, '2025-11-08', NULL, 'AUTO-STUB', 1);
INSERT INTO planningentry (id, resource_id, shift_code, date, absence_type, comment, scenario_id) VALUES (103, 11, 10, '2025-11-08', NULL, 'AUTO-STUB', 1);
INSERT INTO planningentry (id, resource_id, shift_code, date, absence_type, comment, scenario_id) VALUES (104, 12, 10, '2025-11-08', NULL, 'AUTO-STUB', 1);
INSERT INTO planningentry (id, resource_id, shift_code, date, absence_type, comment, scenario_id) VALUES (105, 13, 1, '2025-11-08', NULL, 'AUTO-STUB', 1);
INSERT INTO planningentry (id, resource_id, shift_code, date, absence_type, comment, scenario_id) VALUES (106, 14, 8, '2025-11-08', NULL, 'AUTO-STUB', 1);
INSERT INTO planningentry (id, resource_id, shift_code, date, absence_type, comment, scenario_id) VALUES (107, 15, 10, '2025-11-08', NULL, 'AUTO-STUB', 1);
INSERT INTO planningentry (id, resource_id, shift_code, date, absence_type, comment, scenario_id) VALUES (108, 1, 1, '2025-11-09', NULL, 'AUTO-STUB', 1);
INSERT INTO planningentry (id, resource_id, shift_code, date, absence_type, comment, scenario_id) VALUES (109, 2, 1, '2025-11-09', NULL, 'AUTO-STUB', 1);
INSERT INTO planningentry (id, resource_id, shift_code, date, absence_type, comment, scenario_id) VALUES (110, 3, 10, '2025-11-09', NULL, 'AUTO-STUB', 1);
INSERT INTO planningentry (id, resource_id, shift_code, date, absence_type, comment, scenario_id) VALUES (111, 4, 4, '2025-11-09', NULL, 'AUTO-STUB', 1);
INSERT INTO planningentry (id, resource_id, shift_code, date, absence_type, comment, scenario_id) VALUES (112, 5, 8, '2025-11-09', NULL, 'AUTO-STUB', 1);
INSERT INTO planningentry (id, resource_id, shift_code, date, absence_type, comment, scenario_id) VALUES (113, 6, 1, '2025-11-09', NULL, 'AUTO-STUB', 1);
INSERT INTO planningentry (id, resource_id, shift_code, date, absence_type, comment, scenario_id) VALUES (114, 7, 1, '2025-11-09', NULL, 'AUTO-STUB', 1);
INSERT INTO planningentry (id, resource_id, shift_code, date, absence_type, comment, scenario_id) VALUES (115, 8, 10, '2025-11-09', NULL, 'AUTO-STUB', 1);
INSERT INTO planningentry (id, resource_id, shift_code, date, absence_type, comment, scenario_id) VALUES (116, 9, 10, '2025-11-09', NULL, 'AUTO-STUB', 1);
INSERT INTO planningentry (id, resource_id, shift_code, date, absence_type, comment, scenario_id) VALUES (117, 10, 8, '2025-11-09', NULL, 'AUTO-STUB', 1);
INSERT INTO planningentry (id, resource_id, shift_code, date, absence_type, comment, scenario_id) VALUES (118, 11, 10, '2025-11-09', NULL, 'AUTO-STUB', 1);
INSERT INTO planningentry (id, resource_id, shift_code, date, absence_type, comment, scenario_id) VALUES (119, 12, 1, '2025-11-09', NULL, 'AUTO-STUB', 1);
INSERT INTO planningentry (id, resource_id, shift_code, date, absence_type, comment, scenario_id) VALUES (120, 13, 1, '2025-11-09', NULL, 'AUTO-STUB', 1);
INSERT INTO planningentry (id, resource_id, shift_code, date, absence_type, comment, scenario_id) VALUES (121, 14, 10, '2025-11-09', NULL, 'AUTO-STUB', 1);
INSERT INTO planningentry (id, resource_id, shift_code, date, absence_type, comment, scenario_id) VALUES (122, 15, 4, '2025-11-09', NULL, 'AUTO-STUB', 1);
INSERT INTO planningentry (id, resource_id, shift_code, date, absence_type, comment, scenario_id) VALUES (123, 1, 8, '2025-11-10', NULL, 'AUTO-STUB', 1);
INSERT INTO planningentry (id, resource_id, shift_code, date, absence_type, comment, scenario_id) VALUES (124, 2, 1, '2025-11-10', NULL, 'AUTO-STUB', 1);
INSERT INTO planningentry (id, resource_id, shift_code, date, absence_type, comment, scenario_id) VALUES (125, 3, 10, '2025-11-10', NULL, 'AUTO-STUB', 1);
INSERT INTO planningentry (id, resource_id, shift_code, date, absence_type, comment, scenario_id) VALUES (126, 4, 4, '2025-11-10', NULL, 'AUTO-STUB', 1);
INSERT INTO planningentry (id, resource_id, shift_code, date, absence_type, comment, scenario_id) VALUES (127, 5, 8, '2025-11-10', NULL, 'AUTO-STUB', 1);
INSERT INTO planningentry (id, resource_id, shift_code, date, absence_type, comment, scenario_id) VALUES (128, 6, 4, '2025-11-10', NULL, 'AUTO-STUB', 1);
INSERT INTO planningentry (id, resource_id, shift_code, date, absence_type, comment, scenario_id) VALUES (129, 7, 8, '2025-11-10', NULL, 'AUTO-STUB', 1);
INSERT INTO planningentry (id, resource_id, shift_code, date, absence_type, comment, scenario_id) VALUES (130, 8, 1, '2025-11-10', NULL, 'AUTO-STUB', 1);
INSERT INTO planningentry (id, resource_id, shift_code, date, absence_type, comment, scenario_id) VALUES (131, 9, 8, '2025-11-10', NULL, 'AUTO-STUB', 1);
INSERT INTO planningentry (id, resource_id, shift_code, date, absence_type, comment, scenario_id) VALUES (132, 10, 10, '2025-11-10', NULL, 'AUTO-STUB', 1);
INSERT INTO planningentry (id, resource_id, shift_code, date, absence_type, comment, scenario_id) VALUES (133, 11, 10, '2025-11-10', NULL, 'AUTO-STUB', 1);
INSERT INTO planningentry (id, resource_id, shift_code, date, absence_type, comment, scenario_id) VALUES (134, 12, 4, '2025-11-10', NULL, 'AUTO-STUB', 1);
INSERT INTO planningentry (id, resource_id, shift_code, date, absence_type, comment, scenario_id) VALUES (135, 13, 1, '2025-11-10', NULL, 'AUTO-STUB', 1);
INSERT INTO planningentry (id, resource_id, shift_code, date, absence_type, comment, scenario_id) VALUES (136, 14, 1, '2025-11-10', NULL, 'AUTO-STUB', 1);
INSERT INTO planningentry (id, resource_id, shift_code, date, absence_type, comment, scenario_id) VALUES (137, 15, 10, '2025-11-10', NULL, 'AUTO-STUB', 1);
INSERT INTO planningentry (id, resource_id, shift_code, date, absence_type, comment, scenario_id) VALUES (138, 1, 1, '2025-11-11', NULL, 'AUTO-STUB', 1);
INSERT INTO planningentry (id, resource_id, shift_code, date, absence_type, comment, scenario_id) VALUES (139, 2, 1, '2025-11-11', NULL, 'AUTO-STUB', 1);
INSERT INTO planningentry (id, resource_id, shift_code, date, absence_type, comment, scenario_id) VALUES (140, 3, 10, '2025-11-11', NULL, 'AUTO-STUB', 1);
INSERT INTO planningentry (id, resource_id, shift_code, date, absence_type, comment, scenario_id) VALUES (141, 4, 4, '2025-11-11', NULL, 'AUTO-STUB', 1);
INSERT INTO planningentry (id, resource_id, shift_code, date, absence_type, comment, scenario_id) VALUES (142, 5, 8, '2025-11-11', NULL, 'AUTO-STUB', 1);
INSERT INTO planningentry (id, resource_id, shift_code, date, absence_type, comment, scenario_id) VALUES (143, 6, 1, '2025-11-11', NULL, 'AUTO-STUB', 1);
INSERT INTO planningentry (id, resource_id, shift_code, date, absence_type, comment, scenario_id) VALUES (144, 7, 1, '2025-11-11', NULL, 'AUTO-STUB', 1);
INSERT INTO planningentry (id, resource_id, shift_code, date, absence_type, comment, scenario_id) VALUES (145, 8, 4, '2025-11-11', NULL, 'AUTO-STUB', 1);
INSERT INTO planningentry (id, resource_id, shift_code, date, absence_type, comment, scenario_id) VALUES (146, 9, 10, '2025-11-11', NULL, 'AUTO-STUB', 1);
INSERT INTO planningentry (id, resource_id, shift_code, date, absence_type, comment, scenario_id) VALUES (147, 10, 1, '2025-11-11', NULL, 'AUTO-STUB', 1);
INSERT INTO planningentry (id, resource_id, shift_code, date, absence_type, comment, scenario_id) VALUES (148, 11, 10, '2025-11-11', NULL, 'AUTO-STUB', 1);
INSERT INTO planningentry (id, resource_id, shift_code, date, absence_type, comment, scenario_id) VALUES (149, 12, 8, '2025-11-11', NULL, 'AUTO-STUB', 1);
INSERT INTO planningentry (id, resource_id, shift_code, date, absence_type, comment, scenario_id) VALUES (150, 13, 1, '2025-11-11', NULL, 'AUTO-STUB', 1);
INSERT INTO planningentry (id, resource_id, shift_code, date, absence_type, comment, scenario_id) VALUES (151, 14, 4, '2025-11-11', NULL, 'AUTO-STUB', 1);
INSERT INTO planningentry (id, resource_id, shift_code, date, absence_type, comment, scenario_id) VALUES (152, 15, 4, '2025-11-11', NULL, 'AUTO-STUB', 1);
INSERT INTO planningentry (id, resource_id, shift_code, date, absence_type, comment, scenario_id) VALUES (153, 1, 8, '2025-11-12', NULL, 'AUTO-STUB', 1);
INSERT INTO planningentry (id, resource_id, shift_code, date, absence_type, comment, scenario_id) VALUES (154, 2, 1, '2025-11-12', NULL, 'AUTO-STUB', 1);
INSERT INTO planningentry (id, resource_id, shift_code, date, absence_type, comment, scenario_id) VALUES (155, 3, 10, '2025-11-12', NULL, 'AUTO-STUB', 1);
INSERT INTO planningentry (id, resource_id, shift_code, date, absence_type, comment, scenario_id) VALUES (156, 4, 4, '2025-11-12', NULL, 'AUTO-STUB', 1);
INSERT INTO planningentry (id, resource_id, shift_code, date, absence_type, comment, scenario_id) VALUES (157, 5, 8, '2025-11-12', NULL, 'AUTO-STUB', 1);
INSERT INTO planningentry (id, resource_id, shift_code, date, absence_type, comment, scenario_id) VALUES (158, 6, 4, '2025-11-12', NULL, 'AUTO-STUB', 1);
INSERT INTO planningentry (id, resource_id, shift_code, date, absence_type, comment, scenario_id) VALUES (159, 7, 8, '2025-11-12', NULL, 'AUTO-STUB', 1);
INSERT INTO planningentry (id, resource_id, shift_code, date, absence_type, comment, scenario_id) VALUES (160, 8, 8, '2025-11-12', NULL, 'AUTO-STUB', 1);
INSERT INTO planningentry (id, resource_id, shift_code, date, absence_type, comment, scenario_id) VALUES (161, 9, 8, '2025-11-12', NULL, 'AUTO-STUB', 1);
INSERT INTO planningentry (id, resource_id, shift_code, date, absence_type, comment, scenario_id) VALUES (162, 10, 8, '2025-11-12', NULL, 'AUTO-STUB', 1);
INSERT INTO planningentry (id, resource_id, shift_code, date, absence_type, comment, scenario_id) VALUES (163, 11, 10, '2025-11-12', NULL, 'AUTO-STUB', 1);
INSERT INTO planningentry (id, resource_id, shift_code, date, absence_type, comment, scenario_id) VALUES (164, 12, 10, '2025-11-12', NULL, 'AUTO-STUB', 1);
INSERT INTO planningentry (id, resource_id, shift_code, date, absence_type, comment, scenario_id) VALUES (165, 13, 1, '2025-11-12', NULL, 'AUTO-STUB', 1);
INSERT INTO planningentry (id, resource_id, shift_code, date, absence_type, comment, scenario_id) VALUES (166, 14, 8, '2025-11-12', NULL, 'AUTO-STUB', 1);
INSERT INTO planningentry (id, resource_id, shift_code, date, absence_type, comment, scenario_id) VALUES (167, 15, 10, '2025-11-12', NULL, 'AUTO-STUB', 1);
INSERT INTO planningentry (id, resource_id, shift_code, date, absence_type, comment, scenario_id) VALUES (168, 1, 1, '2025-11-13', NULL, 'AUTO-STUB', 1);
INSERT INTO planningentry (id, resource_id, shift_code, date, absence_type, comment, scenario_id) VALUES (169, 2, 1, '2025-11-13', NULL, 'AUTO-STUB', 1);
INSERT INTO planningentry (id, resource_id, shift_code, date, absence_type, comment, scenario_id) VALUES (170, 3, 10, '2025-11-13', NULL, 'AUTO-STUB', 1);
INSERT INTO planningentry (id, resource_id, shift_code, date, absence_type, comment, scenario_id) VALUES (171, 4, 4, '2025-11-13', NULL, 'AUTO-STUB', 1);
INSERT INTO planningentry (id, resource_id, shift_code, date, absence_type, comment, scenario_id) VALUES (172, 5, 8, '2025-11-13', NULL, 'AUTO-STUB', 1);
INSERT INTO planningentry (id, resource_id, shift_code, date, absence_type, comment, scenario_id) VALUES (173, 6, 1, '2025-11-13', NULL, 'AUTO-STUB', 1);
INSERT INTO planningentry (id, resource_id, shift_code, date, absence_type, comment, scenario_id) VALUES (174, 7, 1, '2025-11-13', NULL, 'AUTO-STUB', 1);
INSERT INTO planningentry (id, resource_id, shift_code, date, absence_type, comment, scenario_id) VALUES (175, 8, 10, '2025-11-13', NULL, 'AUTO-STUB', 1);
INSERT INTO planningentry (id, resource_id, shift_code, date, absence_type, comment, scenario_id) VALUES (176, 9, 10, '2025-11-13', NULL, 'AUTO-STUB', 1);
INSERT INTO planningentry (id, resource_id, shift_code, date, absence_type, comment, scenario_id) VALUES (177, 10, 10, '2025-11-13', NULL, 'AUTO-STUB', 1);
INSERT INTO planningentry (id, resource_id, shift_code, date, absence_type, comment, scenario_id) VALUES (178, 11, 10, '2025-11-13', NULL, 'AUTO-STUB', 1);
INSERT INTO planningentry (id, resource_id, shift_code, date, absence_type, comment, scenario_id) VALUES (179, 12, 1, '2025-11-13', NULL, 'AUTO-STUB', 1);
INSERT INTO planningentry (id, resource_id, shift_code, date, absence_type, comment, scenario_id) VALUES (180, 13, 1, '2025-11-13', NULL, 'AUTO-STUB', 1);
INSERT INTO planningentry (id, resource_id, shift_code, date, absence_type, comment, scenario_id) VALUES (181, 14, 10, '2025-11-13', NULL, 'AUTO-STUB', 1);
INSERT INTO planningentry (id, resource_id, shift_code, date, absence_type, comment, scenario_id) VALUES (182, 1, 8, '2025-11-14', NULL, 'AUTO-STUB', 1);
INSERT INTO planningentry (id, resource_id, shift_code, date, absence_type, comment, scenario_id) VALUES (183, 2, 1, '2025-11-14', NULL, 'AUTO-STUB', 1);
INSERT INTO planningentry (id, resource_id, shift_code, date, absence_type, comment, scenario_id) VALUES (184, 4, 4, '2025-11-14', NULL, 'AUTO-STUB', 1);
INSERT INTO planningentry (id, resource_id, shift_code, date, absence_type, comment, scenario_id) VALUES (185, 6, 4, '2025-11-14', NULL, 'AUTO-STUB', 1);
INSERT INTO planningentry (id, resource_id, shift_code, date, absence_type, comment, scenario_id) VALUES (186, 7, 8, '2025-11-14', NULL, 'AUTO-STUB', 1);
INSERT INTO planningentry (id, resource_id, shift_code, date, absence_type, comment, scenario_id) VALUES (187, 9, 8, '2025-11-14', NULL, 'AUTO-STUB', 1);
INSERT INTO planningentry (id, resource_id, shift_code, date, absence_type, comment, scenario_id) VALUES (188, 11, 10, '2025-11-14', NULL, 'AUTO-STUB', 1);
INSERT INTO planningentry (id, resource_id, shift_code, date, absence_type, comment, scenario_id) VALUES (189, 12, 4, '2025-11-14', NULL, 'AUTO-STUB', 1);
INSERT INTO planningentry (id, resource_id, shift_code, date, absence_type, comment, scenario_id) VALUES (190, 1, 1, '2025-11-15', NULL, 'AUTO-STUB', 1);
INSERT INTO planningentry (id, resource_id, shift_code, date, absence_type, comment, scenario_id) VALUES (191, 2, 1, '2025-11-15', NULL, 'AUTO-STUB', 1);
INSERT INTO planningentry (id, resource_id, shift_code, date, absence_type, comment, scenario_id) VALUES (192, 3, 10, '2025-11-15', NULL, 'AUTO-STUB', 1);
INSERT INTO planningentry (id, resource_id, shift_code, date, absence_type, comment, scenario_id) VALUES (193, 4, 4, '2025-11-15', NULL, 'AUTO-STUB', 1);
INSERT INTO planningentry (id, resource_id, shift_code, date, absence_type, comment, scenario_id) VALUES (194, 5, 8, '2025-11-15', NULL, 'AUTO-STUB', 1);
INSERT INTO planningentry (id, resource_id, shift_code, date, absence_type, comment, scenario_id) VALUES (195, 6, 1, '2025-11-15', NULL, 'AUTO-STUB', 1);
INSERT INTO planningentry (id, resource_id, shift_code, date, absence_type, comment, scenario_id) VALUES (196, 7, 1, '2025-11-15', NULL, 'AUTO-STUB', 1);
INSERT INTO planningentry (id, resource_id, shift_code, date, absence_type, comment, scenario_id) VALUES (197, 8, 1, '2025-11-15', NULL, 'AUTO-STUB', 1);
INSERT INTO planningentry (id, resource_id, shift_code, date, absence_type, comment, scenario_id) VALUES (198, 9, 10, '2025-11-15', NULL, 'AUTO-STUB', 1);
INSERT INTO planningentry (id, resource_id, shift_code, date, absence_type, comment, scenario_id) VALUES (199, 10, 1, '2025-11-15', NULL, 'AUTO-STUB', 1);
INSERT INTO planningentry (id, resource_id, shift_code, date, absence_type, comment, scenario_id) VALUES (200, 11, 10, '2025-11-15', NULL, 'AUTO-STUB', 1);
INSERT INTO planningentry (id, resource_id, shift_code, date, absence_type, comment, scenario_id) VALUES (201, 12, 8, '2025-11-15', NULL, 'AUTO-STUB', 1);
INSERT INTO planningentry (id, resource_id, shift_code, date, absence_type, comment, scenario_id) VALUES (202, 13, 1, '2025-11-15', NULL, 'AUTO-STUB', 1);
INSERT INTO planningentry (id, resource_id, shift_code, date, absence_type, comment, scenario_id) VALUES (203, 14, 1, '2025-11-15', NULL, 'AUTO-STUB', 1);
INSERT INTO planningentry (id, resource_id, shift_code, date, absence_type, comment, scenario_id) VALUES (204, 15, 4, '2025-11-15', NULL, 'AUTO-STUB', 1);
INSERT INTO planningentry (id, resource_id, shift_code, date, absence_type, comment, scenario_id) VALUES (205, 1, 8, '2025-11-16', NULL, 'AUTO-STUB', 1);
INSERT INTO planningentry (id, resource_id, shift_code, date, absence_type, comment, scenario_id) VALUES (206, 2, 1, '2025-11-16', NULL, 'AUTO-STUB', 1);
INSERT INTO planningentry (id, resource_id, shift_code, date, absence_type, comment, scenario_id) VALUES (207, 3, 10, '2025-11-16', NULL, 'AUTO-STUB', 1);
INSERT INTO planningentry (id, resource_id, shift_code, date, absence_type, comment, scenario_id) VALUES (208, 4, 4, '2025-11-16', NULL, 'AUTO-STUB', 1);
INSERT INTO planningentry (id, resource_id, shift_code, date, absence_type, comment, scenario_id) VALUES (209, 5, 8, '2025-11-16', NULL, 'AUTO-STUB', 1);
INSERT INTO planningentry (id, resource_id, shift_code, date, absence_type, comment, scenario_id) VALUES (210, 6, 4, '2025-11-16', NULL, 'AUTO-STUB', 1);
INSERT INTO planningentry (id, resource_id, shift_code, date, absence_type, comment, scenario_id) VALUES (211, 7, 8, '2025-11-16', NULL, 'AUTO-STUB', 1);
INSERT INTO planningentry (id, resource_id, shift_code, date, absence_type, comment, scenario_id) VALUES (212, 8, 4, '2025-11-16', NULL, 'AUTO-STUB', 1);
INSERT INTO planningentry (id, resource_id, shift_code, date, absence_type, comment, scenario_id) VALUES (213, 9, 8, '2025-11-16', NULL, 'AUTO-STUB', 1);
INSERT INTO planningentry (id, resource_id, shift_code, date, absence_type, comment, scenario_id) VALUES (214, 10, 8, '2025-11-16', NULL, 'AUTO-STUB', 1);
INSERT INTO planningentry (id, resource_id, shift_code, date, absence_type, comment, scenario_id) VALUES (215, 11, 10, '2025-11-16', NULL, 'AUTO-STUB', 1);
INSERT INTO planningentry (id, resource_id, shift_code, date, absence_type, comment, scenario_id) VALUES (216, 12, 10, '2025-11-16', NULL, 'AUTO-STUB', 1);
INSERT INTO planningentry (id, resource_id, shift_code, date, absence_type, comment, scenario_id) VALUES (217, 13, 1, '2025-11-16', NULL, 'AUTO-STUB', 1);
INSERT INTO planningentry (id, resource_id, shift_code, date, absence_type, comment, scenario_id) VALUES (218, 14, 4, '2025-11-16', NULL, 'AUTO-STUB', 1);
INSERT INTO planningentry (id, resource_id, shift_code, date, absence_type, comment, scenario_id) VALUES (219, 15, 10, '2025-11-16', NULL, 'AUTO-STUB', 1);
INSERT INTO planningentry (id, resource_id, shift_code, date, absence_type, comment, scenario_id) VALUES (220, 1, 1, '2025-11-17', NULL, 'AUTO-STUB', 1);
INSERT INTO planningentry (id, resource_id, shift_code, date, absence_type, comment, scenario_id) VALUES (221, 2, 1, '2025-11-17', NULL, 'AUTO-STUB', 1);
INSERT INTO planningentry (id, resource_id, shift_code, date, absence_type, comment, scenario_id) VALUES (222, 3, 10, '2025-11-17', NULL, 'AUTO-STUB', 1);
INSERT INTO planningentry (id, resource_id, shift_code, date, absence_type, comment, scenario_id) VALUES (223, 4, 4, '2025-11-17', NULL, 'AUTO-STUB', 1);
INSERT INTO planningentry (id, resource_id, shift_code, date, absence_type, comment, scenario_id) VALUES (224, 5, 8, '2025-11-17', NULL, 'AUTO-STUB', 1);
INSERT INTO planningentry (id, resource_id, shift_code, date, absence_type, comment, scenario_id) VALUES (225, 6, 1, '2025-11-17', NULL, 'AUTO-STUB', 1);
INSERT INTO planningentry (id, resource_id, shift_code, date, absence_type, comment, scenario_id) VALUES (226, 7, 1, '2025-11-17', NULL, 'AUTO-STUB', 1);
INSERT INTO planningentry (id, resource_id, shift_code, date, absence_type, comment, scenario_id) VALUES (227, 8, 8, '2025-11-17', NULL, 'AUTO-STUB', 1);
INSERT INTO planningentry (id, resource_id, shift_code, date, absence_type, comment, scenario_id) VALUES (228, 9, 10, '2025-11-17', NULL, 'AUTO-STUB', 1);
INSERT INTO planningentry (id, resource_id, shift_code, date, absence_type, comment, scenario_id) VALUES (229, 10, 10, '2025-11-17', NULL, 'AUTO-STUB', 1);
INSERT INTO planningentry (id, resource_id, shift_code, date, absence_type, comment, scenario_id) VALUES (230, 11, 10, '2025-11-17', NULL, 'AUTO-STUB', 1);
INSERT INTO planningentry (id, resource_id, shift_code, date, absence_type, comment, scenario_id) VALUES (231, 12, 1, '2025-11-17', NULL, 'AUTO-STUB', 1);
INSERT INTO planningentry (id, resource_id, shift_code, date, absence_type, comment, scenario_id) VALUES (232, 13, 1, '2025-11-17', NULL, 'AUTO-STUB', 1);
INSERT INTO planningentry (id, resource_id, shift_code, date, absence_type, comment, scenario_id) VALUES (233, 14, 8, '2025-11-17', NULL, 'AUTO-STUB', 1);
INSERT INTO planningentry (id, resource_id, shift_code, date, absence_type, comment, scenario_id) VALUES (234, 15, 4, '2025-11-17', NULL, 'AUTO-STUB', 1);
INSERT INTO planningentry (id, resource_id, shift_code, date, absence_type, comment, scenario_id) VALUES (235, 1, 8, '2025-11-18', NULL, 'AUTO-STUB', 1);
INSERT INTO planningentry (id, resource_id, shift_code, date, absence_type, comment, scenario_id) VALUES (236, 2, 1, '2025-11-18', NULL, 'AUTO-STUB', 1);
INSERT INTO planningentry (id, resource_id, shift_code, date, absence_type, comment, scenario_id) VALUES (237, 3, 10, '2025-11-18', NULL, 'AUTO-STUB', 1);
INSERT INTO planningentry (id, resource_id, shift_code, date, absence_type, comment, scenario_id) VALUES (238, 4, 4, '2025-11-18', NULL, 'AUTO-STUB', 1);
INSERT INTO planningentry (id, resource_id, shift_code, date, absence_type, comment, scenario_id) VALUES (239, 5, 8, '2025-11-18', NULL, 'AUTO-STUB', 1);
INSERT INTO planningentry (id, resource_id, shift_code, date, absence_type, comment, scenario_id) VALUES (240, 6, 4, '2025-11-18', NULL, 'AUTO-STUB', 1);
INSERT INTO planningentry (id, resource_id, shift_code, date, absence_type, comment, scenario_id) VALUES (241, 7, 8, '2025-11-18', NULL, 'AUTO-STUB', 1);
INSERT INTO planningentry (id, resource_id, shift_code, date, absence_type, comment, scenario_id) VALUES (242, 8, 10, '2025-11-18', NULL, 'AUTO-STUB', 1);
INSERT INTO planningentry (id, resource_id, shift_code, date, absence_type, comment, scenario_id) VALUES (243, 9, 8, '2025-11-18', NULL, 'AUTO-STUB', 1);
INSERT INTO planningentry (id, resource_id, shift_code, date, absence_type, comment, scenario_id) VALUES (244, 10, 1, '2025-11-18', NULL, 'AUTO-STUB', 1);
INSERT INTO planningentry (id, resource_id, shift_code, date, absence_type, comment, scenario_id) VALUES (245, 11, 10, '2025-11-18', NULL, 'AUTO-STUB', 1);
INSERT INTO planningentry (id, resource_id, shift_code, date, absence_type, comment, scenario_id) VALUES (246, 12, 4, '2025-11-18', NULL, 'AUTO-STUB', 1);
INSERT INTO planningentry (id, resource_id, shift_code, date, absence_type, comment, scenario_id) VALUES (247, 13, 1, '2025-11-18', NULL, 'AUTO-STUB', 1);
INSERT INTO planningentry (id, resource_id, shift_code, date, absence_type, comment, scenario_id) VALUES (248, 14, 10, '2025-11-18', NULL, 'AUTO-STUB', 1);
INSERT INTO planningentry (id, resource_id, shift_code, date, absence_type, comment, scenario_id) VALUES (249, 15, 10, '2025-11-18', NULL, 'AUTO-STUB', 1);
INSERT INTO planningentry (id, resource_id, shift_code, date, absence_type, comment, scenario_id) VALUES (250, 1, 1, '2025-11-19', NULL, 'AUTO-STUB', 1);
INSERT INTO planningentry (id, resource_id, shift_code, date, absence_type, comment, scenario_id) VALUES (251, 2, 1, '2025-11-19', NULL, 'AUTO-STUB', 1);
INSERT INTO planningentry (id, resource_id, shift_code, date, absence_type, comment, scenario_id) VALUES (252, 3, 10, '2025-11-19', NULL, 'AUTO-STUB', 1);
INSERT INTO planningentry (id, resource_id, shift_code, date, absence_type, comment, scenario_id) VALUES (253, 4, 4, '2025-11-19', NULL, 'AUTO-STUB', 1);
INSERT INTO planningentry (id, resource_id, shift_code, date, absence_type, comment, scenario_id) VALUES (254, 5, 8, '2025-11-19', NULL, 'AUTO-STUB', 1);
INSERT INTO planningentry (id, resource_id, shift_code, date, absence_type, comment, scenario_id) VALUES (255, 6, 1, '2025-11-19', NULL, 'AUTO-STUB', 1);
INSERT INTO planningentry (id, resource_id, shift_code, date, absence_type, comment, scenario_id) VALUES (256, 7, 1, '2025-11-19', NULL, 'AUTO-STUB', 1);
INSERT INTO planningentry (id, resource_id, shift_code, date, absence_type, comment, scenario_id) VALUES (257, 8, 1, '2025-11-19', NULL, 'AUTO-STUB', 1);
INSERT INTO planningentry (id, resource_id, shift_code, date, absence_type, comment, scenario_id) VALUES (258, 9, 10, '2025-11-19', NULL, 'AUTO-STUB', 1);
INSERT INTO planningentry (id, resource_id, shift_code, date, absence_type, comment, scenario_id) VALUES (259, 10, 8, '2025-11-19', NULL, 'AUTO-STUB', 1);
INSERT INTO planningentry (id, resource_id, shift_code, date, absence_type, comment, scenario_id) VALUES (260, 11, 10, '2025-11-19', NULL, 'AUTO-STUB', 1);
INSERT INTO planningentry (id, resource_id, shift_code, date, absence_type, comment, scenario_id) VALUES (261, 12, 8, '2025-11-19', NULL, 'AUTO-STUB', 1);
INSERT INTO planningentry (id, resource_id, shift_code, date, absence_type, comment, scenario_id) VALUES (262, 13, 1, '2025-11-19', NULL, 'AUTO-STUB', 1);
INSERT INTO planningentry (id, resource_id, shift_code, date, absence_type, comment, scenario_id) VALUES (263, 14, 1, '2025-11-19', NULL, 'AUTO-STUB', 1);
INSERT INTO planningentry (id, resource_id, shift_code, date, absence_type, comment, scenario_id) VALUES (264, 15, 4, '2025-11-19', NULL, 'AUTO-STUB', 1);
INSERT INTO planningentry (id, resource_id, shift_code, date, absence_type, comment, scenario_id) VALUES (265, 1, 8, '2025-11-20', NULL, 'AUTO-STUB', 1);
INSERT INTO planningentry (id, resource_id, shift_code, date, absence_type, comment, scenario_id) VALUES (266, 2, 1, '2025-11-20', NULL, 'AUTO-STUB', 1);
INSERT INTO planningentry (id, resource_id, shift_code, date, absence_type, comment, scenario_id) VALUES (267, 3, 10, '2025-11-20', NULL, 'AUTO-STUB', 1);
INSERT INTO planningentry (id, resource_id, shift_code, date, absence_type, comment, scenario_id) VALUES (268, 4, 4, '2025-11-20', NULL, 'AUTO-STUB', 1);
INSERT INTO planningentry (id, resource_id, shift_code, date, absence_type, comment, scenario_id) VALUES (269, 5, 8, '2025-11-20', NULL, 'AUTO-STUB', 1);
INSERT INTO planningentry (id, resource_id, shift_code, date, absence_type, comment, scenario_id) VALUES (270, 6, 4, '2025-11-20', NULL, 'AUTO-STUB', 1);
INSERT INTO planningentry (id, resource_id, shift_code, date, absence_type, comment, scenario_id) VALUES (271, 7, 8, '2025-11-20', NULL, 'AUTO-STUB', 1);
INSERT INTO planningentry (id, resource_id, shift_code, date, absence_type, comment, scenario_id) VALUES (272, 8, 4, '2025-11-20', NULL, 'AUTO-STUB', 1);
INSERT INTO planningentry (id, resource_id, shift_code, date, absence_type, comment, scenario_id) VALUES (273, 9, 8, '2025-11-20', NULL, 'AUTO-STUB', 1);
INSERT INTO planningentry (id, resource_id, shift_code, date, absence_type, comment, scenario_id) VALUES (274, 10, 10, '2025-11-20', NULL, 'AUTO-STUB', 1);
INSERT INTO planningentry (id, resource_id, shift_code, date, absence_type, comment, scenario_id) VALUES (275, 11, 10, '2025-11-20', NULL, 'AUTO-STUB', 1);
INSERT INTO planningentry (id, resource_id, shift_code, date, absence_type, comment, scenario_id) VALUES (276, 12, 10, '2025-11-20', NULL, 'AUTO-STUB', 1);
INSERT INTO planningentry (id, resource_id, shift_code, date, absence_type, comment, scenario_id) VALUES (277, 13, 1, '2025-11-20', NULL, 'AUTO-STUB', 1);
INSERT INTO planningentry (id, resource_id, shift_code, date, absence_type, comment, scenario_id) VALUES (278, 14, 4, '2025-11-20', NULL, 'AUTO-STUB', 1);
INSERT INTO planningentry (id, resource_id, shift_code, date, absence_type, comment, scenario_id) VALUES (279, 1, 1, '2025-11-21', NULL, 'AUTO-STUB', 1);
INSERT INTO planningentry (id, resource_id, shift_code, date, absence_type, comment, scenario_id) VALUES (280, 2, 1, '2025-11-21', NULL, 'AUTO-STUB', 1);
INSERT INTO planningentry (id, resource_id, shift_code, date, absence_type, comment, scenario_id) VALUES (281, 4, 4, '2025-11-21', NULL, 'AUTO-STUB', 1);
INSERT INTO planningentry (id, resource_id, shift_code, date, absence_type, comment, scenario_id) VALUES (282, 6, 1, '2025-11-21', NULL, 'AUTO-STUB', 1);
INSERT INTO planningentry (id, resource_id, shift_code, date, absence_type, comment, scenario_id) VALUES (283, 7, 1, '2025-11-21', NULL, 'AUTO-STUB', 1);
INSERT INTO planningentry (id, resource_id, shift_code, date, absence_type, comment, scenario_id) VALUES (284, 9, 10, '2025-11-21', NULL, 'AUTO-STUB', 1);
INSERT INTO planningentry (id, resource_id, shift_code, date, absence_type, comment, scenario_id) VALUES (285, 11, 10, '2025-11-21', NULL, 'AUTO-STUB', 1);
INSERT INTO planningentry (id, resource_id, shift_code, date, absence_type, comment, scenario_id) VALUES (286, 12, 1, '2025-11-21', NULL, 'AUTO-STUB', 1);
INSERT INTO planningentry (id, resource_id, shift_code, date, absence_type, comment, scenario_id) VALUES (287, 1, 8, '2025-11-22', NULL, 'AUTO-STUB', 1);
INSERT INTO planningentry (id, resource_id, shift_code, date, absence_type, comment, scenario_id) VALUES (288, 2, 1, '2025-11-22', NULL, 'AUTO-STUB', 1);
INSERT INTO planningentry (id, resource_id, shift_code, date, absence_type, comment, scenario_id) VALUES (289, 3, 10, '2025-11-22', NULL, 'AUTO-STUB', 1);
INSERT INTO planningentry (id, resource_id, shift_code, date, absence_type, comment, scenario_id) VALUES (290, 4, 4, '2025-11-22', NULL, 'AUTO-STUB', 1);
INSERT INTO planningentry (id, resource_id, shift_code, date, absence_type, comment, scenario_id) VALUES (291, 5, 8, '2025-11-22', NULL, 'AUTO-STUB', 1);
INSERT INTO planningentry (id, resource_id, shift_code, date, absence_type, comment, scenario_id) VALUES (292, 6, 4, '2025-11-22', NULL, 'AUTO-STUB', 1);
INSERT INTO planningentry (id, resource_id, shift_code, date, absence_type, comment, scenario_id) VALUES (293, 7, 8, '2025-11-22', NULL, 'AUTO-STUB', 1);
INSERT INTO planningentry (id, resource_id, shift_code, date, absence_type, comment, scenario_id) VALUES (294, 8, 8, '2025-11-22', NULL, 'AUTO-STUB', 1);
INSERT INTO planningentry (id, resource_id, shift_code, date, absence_type, comment, scenario_id) VALUES (295, 9, 8, '2025-11-22', NULL, 'AUTO-STUB', 1);
INSERT INTO planningentry (id, resource_id, shift_code, date, absence_type, comment, scenario_id) VALUES (296, 10, 1, '2025-11-22', NULL, 'AUTO-STUB', 1);
INSERT INTO planningentry (id, resource_id, shift_code, date, absence_type, comment, scenario_id) VALUES (297, 11, 10, '2025-11-22', NULL, 'AUTO-STUB', 1);
INSERT INTO planningentry (id, resource_id, shift_code, date, absence_type, comment, scenario_id) VALUES (298, 12, 4, '2025-11-22', NULL, 'AUTO-STUB', 1);
INSERT INTO planningentry (id, resource_id, shift_code, date, absence_type, comment, scenario_id) VALUES (299, 13, 1, '2025-11-22', NULL, 'AUTO-STUB', 1);
INSERT INTO planningentry (id, resource_id, shift_code, date, absence_type, comment, scenario_id) VALUES (300, 14, 8, '2025-11-22', NULL, 'AUTO-STUB', 1);
INSERT INTO planningentry (id, resource_id, shift_code, date, absence_type, comment, scenario_id) VALUES (301, 15, 10, '2025-11-22', NULL, 'AUTO-STUB', 1);
INSERT INTO planningentry (id, resource_id, shift_code, date, absence_type, comment, scenario_id) VALUES (302, 1, 1, '2025-11-23', NULL, 'AUTO-STUB', 1);
INSERT INTO planningentry (id, resource_id, shift_code, date, absence_type, comment, scenario_id) VALUES (303, 2, 1, '2025-11-23', NULL, 'AUTO-STUB', 1);
INSERT INTO planningentry (id, resource_id, shift_code, date, absence_type, comment, scenario_id) VALUES (304, 3, 10, '2025-11-23', NULL, 'AUTO-STUB', 1);
INSERT INTO planningentry (id, resource_id, shift_code, date, absence_type, comment, scenario_id) VALUES (305, 4, 4, '2025-11-23', NULL, 'AUTO-STUB', 1);
INSERT INTO planningentry (id, resource_id, shift_code, date, absence_type, comment, scenario_id) VALUES (306, 5, 8, '2025-11-23', NULL, 'AUTO-STUB', 1);
INSERT INTO planningentry (id, resource_id, shift_code, date, absence_type, comment, scenario_id) VALUES (307, 6, 1, '2025-11-23', NULL, 'AUTO-STUB', 1);
INSERT INTO planningentry (id, resource_id, shift_code, date, absence_type, comment, scenario_id) VALUES (308, 7, 1, '2025-11-23', NULL, 'AUTO-STUB', 1);
INSERT INTO planningentry (id, resource_id, shift_code, date, absence_type, comment, scenario_id) VALUES (309, 8, 10, '2025-11-23', NULL, 'AUTO-STUB', 1);
INSERT INTO planningentry (id, resource_id, shift_code, date, absence_type, comment, scenario_id) VALUES (310, 9, 10, '2025-11-23', NULL, 'AUTO-STUB', 1);
INSERT INTO planningentry (id, resource_id, shift_code, date, absence_type, comment, scenario_id) VALUES (311, 10, 8, '2025-11-23', NULL, 'AUTO-STUB', 1);
INSERT INTO planningentry (id, resource_id, shift_code, date, absence_type, comment, scenario_id) VALUES (312, 11, 10, '2025-11-23', NULL, 'AUTO-STUB', 1);
INSERT INTO planningentry (id, resource_id, shift_code, date, absence_type, comment, scenario_id) VALUES (313, 12, 8, '2025-11-23', NULL, 'AUTO-STUB', 1);
INSERT INTO planningentry (id, resource_id, shift_code, date, absence_type, comment, scenario_id) VALUES (314, 13, 1, '2025-11-23', NULL, 'AUTO-STUB', 1);
INSERT INTO planningentry (id, resource_id, shift_code, date, absence_type, comment, scenario_id) VALUES (315, 14, 10, '2025-11-23', NULL, 'AUTO-STUB', 1);
INSERT INTO planningentry (id, resource_id, shift_code, date, absence_type, comment, scenario_id) VALUES (316, 15, 4, '2025-11-23', NULL, 'AUTO-STUB', 1);
INSERT INTO planningentry (id, resource_id, shift_code, date, absence_type, comment, scenario_id) VALUES (317, 1, 8, '2025-11-24', NULL, 'AUTO-STUB', 1);
INSERT INTO planningentry (id, resource_id, shift_code, date, absence_type, comment, scenario_id) VALUES (318, 2, 1, '2025-11-24', NULL, 'AUTO-STUB', 1);
INSERT INTO planningentry (id, resource_id, shift_code, date, absence_type, comment, scenario_id) VALUES (319, 3, 10, '2025-11-24', NULL, 'AUTO-STUB', 1);
INSERT INTO planningentry (id, resource_id, shift_code, date, absence_type, comment, scenario_id) VALUES (320, 4, 4, '2025-11-24', NULL, 'AUTO-STUB', 1);
INSERT INTO planningentry (id, resource_id, shift_code, date, absence_type, comment, scenario_id) VALUES (321, 5, 8, '2025-11-24', NULL, 'AUTO-STUB', 1);
INSERT INTO planningentry (id, resource_id, shift_code, date, absence_type, comment, scenario_id) VALUES (322, 6, 4, '2025-11-24', NULL, 'AUTO-STUB', 1);
INSERT INTO planningentry (id, resource_id, shift_code, date, absence_type, comment, scenario_id) VALUES (323, 7, 8, '2025-11-24', NULL, 'AUTO-STUB', 1);
INSERT INTO planningentry (id, resource_id, shift_code, date, absence_type, comment, scenario_id) VALUES (324, 8, 1, '2025-11-24', NULL, 'AUTO-STUB', 1);
INSERT INTO planningentry (id, resource_id, shift_code, date, absence_type, comment, scenario_id) VALUES (325, 9, 8, '2025-11-24', NULL, 'AUTO-STUB', 1);
INSERT INTO planningentry (id, resource_id, shift_code, date, absence_type, comment, scenario_id) VALUES (326, 10, 10, '2025-11-24', NULL, 'AUTO-STUB', 1);
INSERT INTO planningentry (id, resource_id, shift_code, date, absence_type, comment, scenario_id) VALUES (327, 11, 10, '2025-11-24', NULL, 'AUTO-STUB', 1);
INSERT INTO planningentry (id, resource_id, shift_code, date, absence_type, comment, scenario_id) VALUES (328, 12, 10, '2025-11-24', NULL, 'AUTO-STUB', 1);
INSERT INTO planningentry (id, resource_id, shift_code, date, absence_type, comment, scenario_id) VALUES (329, 13, 1, '2025-11-24', NULL, 'AUTO-STUB', 1);
INSERT INTO planningentry (id, resource_id, shift_code, date, absence_type, comment, scenario_id) VALUES (330, 14, 1, '2025-11-24', NULL, 'AUTO-STUB', 1);
INSERT INTO planningentry (id, resource_id, shift_code, date, absence_type, comment, scenario_id) VALUES (331, 15, 10, '2025-11-24', NULL, 'AUTO-STUB', 1);
INSERT INTO planningentry (id, resource_id, shift_code, date, absence_type, comment, scenario_id) VALUES (332, 1, 1, '2025-11-25', NULL, 'AUTO-STUB', 1);
INSERT INTO planningentry (id, resource_id, shift_code, date, absence_type, comment, scenario_id) VALUES (333, 2, 1, '2025-11-25', NULL, 'AUTO-STUB', 1);
INSERT INTO planningentry (id, resource_id, shift_code, date, absence_type, comment, scenario_id) VALUES (334, 3, 10, '2025-11-25', NULL, 'AUTO-STUB', 1);
INSERT INTO planningentry (id, resource_id, shift_code, date, absence_type, comment, scenario_id) VALUES (335, 4, 4, '2025-11-25', NULL, 'AUTO-STUB', 1);
INSERT INTO planningentry (id, resource_id, shift_code, date, absence_type, comment, scenario_id) VALUES (336, 5, 8, '2025-11-25', NULL, 'AUTO-STUB', 1);
INSERT INTO planningentry (id, resource_id, shift_code, date, absence_type, comment, scenario_id) VALUES (337, 6, 1, '2025-11-25', NULL, 'AUTO-STUB', 1);
INSERT INTO planningentry (id, resource_id, shift_code, date, absence_type, comment, scenario_id) VALUES (338, 7, 1, '2025-11-25', NULL, 'AUTO-STUB', 1);
INSERT INTO planningentry (id, resource_id, shift_code, date, absence_type, comment, scenario_id) VALUES (339, 8, 4, '2025-11-25', NULL, 'AUTO-STUB', 1);
INSERT INTO planningentry (id, resource_id, shift_code, date, absence_type, comment, scenario_id) VALUES (340, 9, 10, '2025-11-25', NULL, 'AUTO-STUB', 1);
INSERT INTO planningentry (id, resource_id, shift_code, date, absence_type, comment, scenario_id) VALUES (341, 10, 1, '2025-11-25', NULL, 'AUTO-STUB', 1);
INSERT INTO planningentry (id, resource_id, shift_code, date, absence_type, comment, scenario_id) VALUES (342, 11, 10, '2025-11-25', NULL, 'AUTO-STUB', 1);
INSERT INTO planningentry (id, resource_id, shift_code, date, absence_type, comment, scenario_id) VALUES (343, 12, 1, '2025-11-25', NULL, 'AUTO-STUB', 1);
INSERT INTO planningentry (id, resource_id, shift_code, date, absence_type, comment, scenario_id) VALUES (344, 13, 1, '2025-11-25', NULL, 'AUTO-STUB', 1);
INSERT INTO planningentry (id, resource_id, shift_code, date, absence_type, comment, scenario_id) VALUES (345, 14, 4, '2025-11-25', NULL, 'AUTO-STUB', 1);
INSERT INTO planningentry (id, resource_id, shift_code, date, absence_type, comment, scenario_id) VALUES (346, 15, 4, '2025-11-25', NULL, 'AUTO-STUB', 1);
INSERT INTO planningentry (id, resource_id, shift_code, date, absence_type, comment, scenario_id) VALUES (347, 1, 8, '2025-11-26', NULL, 'AUTO-STUB', 1);
INSERT INTO planningentry (id, resource_id, shift_code, date, absence_type, comment, scenario_id) VALUES (348, 2, 1, '2025-11-26', NULL, 'AUTO-STUB', 1);
INSERT INTO planningentry (id, resource_id, shift_code, date, absence_type, comment, scenario_id) VALUES (349, 3, 10, '2025-11-26', NULL, 'AUTO-STUB', 1);
INSERT INTO planningentry (id, resource_id, shift_code, date, absence_type, comment, scenario_id) VALUES (350, 4, 4, '2025-11-26', NULL, 'AUTO-STUB', 1);
INSERT INTO planningentry (id, resource_id, shift_code, date, absence_type, comment, scenario_id) VALUES (351, 5, 8, '2025-11-26', NULL, 'AUTO-STUB', 1);
INSERT INTO planningentry (id, resource_id, shift_code, date, absence_type, comment, scenario_id) VALUES (352, 6, 4, '2025-11-26', NULL, 'AUTO-STUB', 1);
INSERT INTO planningentry (id, resource_id, shift_code, date, absence_type, comment, scenario_id) VALUES (353, 7, 8, '2025-11-26', NULL, 'AUTO-STUB', 1);
INSERT INTO planningentry (id, resource_id, shift_code, date, absence_type, comment, scenario_id) VALUES (354, 8, 8, '2025-11-26', NULL, 'AUTO-STUB', 1);
INSERT INTO planningentry (id, resource_id, shift_code, date, absence_type, comment, scenario_id) VALUES (355, 9, 8, '2025-11-26', NULL, 'AUTO-STUB', 1);
INSERT INTO planningentry (id, resource_id, shift_code, date, absence_type, comment, scenario_id) VALUES (356, 10, 8, '2025-11-26', NULL, 'AUTO-STUB', 1);
INSERT INTO planningentry (id, resource_id, shift_code, date, absence_type, comment, scenario_id) VALUES (357, 11, 10, '2025-11-26', NULL, 'AUTO-STUB', 1);
INSERT INTO planningentry (id, resource_id, shift_code, date, absence_type, comment, scenario_id) VALUES (358, 12, 4, '2025-11-26', NULL, 'AUTO-STUB', 1);
INSERT INTO planningentry (id, resource_id, shift_code, date, absence_type, comment, scenario_id) VALUES (359, 13, 1, '2025-11-26', NULL, 'AUTO-STUB', 1);
INSERT INTO planningentry (id, resource_id, shift_code, date, absence_type, comment, scenario_id) VALUES (360, 14, 8, '2025-11-26', NULL, 'AUTO-STUB', 1);
INSERT INTO planningentry (id, resource_id, shift_code, date, absence_type, comment, scenario_id) VALUES (361, 15, 10, '2025-11-26', NULL, 'AUTO-STUB', 1);
INSERT INTO planningentry (id, resource_id, shift_code, date, absence_type, comment, scenario_id) VALUES (362, 1, 1, '2025-11-27', NULL, 'AUTO-STUB', 1);
INSERT INTO planningentry (id, resource_id, shift_code, date, absence_type, comment, scenario_id) VALUES (363, 2, 1, '2025-11-27', NULL, 'AUTO-STUB', 1);
INSERT INTO planningentry (id, resource_id, shift_code, date, absence_type, comment, scenario_id) VALUES (364, 3, 10, '2025-11-27', NULL, 'AUTO-STUB', 1);
INSERT INTO planningentry (id, resource_id, shift_code, date, absence_type, comment, scenario_id) VALUES (365, 4, 4, '2025-11-27', NULL, 'AUTO-STUB', 1);
INSERT INTO planningentry (id, resource_id, shift_code, date, absence_type, comment, scenario_id) VALUES (366, 5, 8, '2025-11-27', NULL, 'AUTO-STUB', 1);
INSERT INTO planningentry (id, resource_id, shift_code, date, absence_type, comment, scenario_id) VALUES (367, 6, 1, '2025-11-27', NULL, 'AUTO-STUB', 1);
INSERT INTO planningentry (id, resource_id, shift_code, date, absence_type, comment, scenario_id) VALUES (368, 7, 1, '2025-11-27', NULL, 'AUTO-STUB', 1);
INSERT INTO planningentry (id, resource_id, shift_code, date, absence_type, comment, scenario_id) VALUES (369, 8, 10, '2025-11-27', NULL, 'AUTO-STUB', 1);
INSERT INTO planningentry (id, resource_id, shift_code, date, absence_type, comment, scenario_id) VALUES (370, 9, 10, '2025-11-27', NULL, 'AUTO-STUB', 1);
INSERT INTO planningentry (id, resource_id, shift_code, date, absence_type, comment, scenario_id) VALUES (371, 10, 10, '2025-11-27', NULL, 'AUTO-STUB', 1);
INSERT INTO planningentry (id, resource_id, shift_code, date, absence_type, comment, scenario_id) VALUES (372, 11, 10, '2025-11-27', NULL, 'AUTO-STUB', 1);
INSERT INTO planningentry (id, resource_id, shift_code, date, absence_type, comment, scenario_id) VALUES (373, 12, 8, '2025-11-27', NULL, 'AUTO-STUB', 1);
INSERT INTO planningentry (id, resource_id, shift_code, date, absence_type, comment, scenario_id) VALUES (374, 13, 1, '2025-11-27', NULL, 'AUTO-STUB', 1);
INSERT INTO planningentry (id, resource_id, shift_code, date, absence_type, comment, scenario_id) VALUES (375, 14, 10, '2025-11-27', NULL, 'AUTO-STUB', 1);
INSERT INTO planningentry (id, resource_id, shift_code, date, absence_type, comment, scenario_id) VALUES (376, 1, 8, '2025-11-28', NULL, 'AUTO-STUB', 1);
INSERT INTO planningentry (id, resource_id, shift_code, date, absence_type, comment, scenario_id) VALUES (377, 2, 1, '2025-11-28', NULL, 'AUTO-STUB', 1);
INSERT INTO planningentry (id, resource_id, shift_code, date, absence_type, comment, scenario_id) VALUES (378, 4, 4, '2025-11-28', NULL, 'AUTO-STUB', 1);
INSERT INTO planningentry (id, resource_id, shift_code, date, absence_type, comment, scenario_id) VALUES (379, 6, 4, '2025-11-28', NULL, 'AUTO-STUB', 1);
INSERT INTO planningentry (id, resource_id, shift_code, date, absence_type, comment, scenario_id) VALUES (380, 7, 8, '2025-11-28', NULL, 'AUTO-STUB', 1);
INSERT INTO planningentry (id, resource_id, shift_code, date, absence_type, comment, scenario_id) VALUES (381, 9, 8, '2025-11-28', NULL, 'AUTO-STUB', 1);
INSERT INTO planningentry (id, resource_id, shift_code, date, absence_type, comment, scenario_id) VALUES (382, 11, 10, '2025-11-28', NULL, 'AUTO-STUB', 1);
INSERT INTO planningentry (id, resource_id, shift_code, date, absence_type, comment, scenario_id) VALUES (383, 12, 10, '2025-11-28', NULL, 'AUTO-STUB', 1);
INSERT INTO planningentry (id, resource_id, shift_code, date, absence_type, comment, scenario_id) VALUES (384, 1, 1, '2025-11-29', NULL, 'AUTO-STUB', 1);
INSERT INTO planningentry (id, resource_id, shift_code, date, absence_type, comment, scenario_id) VALUES (385, 2, 1, '2025-11-29', NULL, 'AUTO-STUB', 1);
INSERT INTO planningentry (id, resource_id, shift_code, date, absence_type, comment, scenario_id) VALUES (386, 3, 10, '2025-11-29', NULL, 'AUTO-STUB', 1);
INSERT INTO planningentry (id, resource_id, shift_code, date, absence_type, comment, scenario_id) VALUES (387, 4, 4, '2025-11-29', NULL, 'AUTO-STUB', 1);
INSERT INTO planningentry (id, resource_id, shift_code, date, absence_type, comment, scenario_id) VALUES (388, 5, 8, '2025-11-29', NULL, 'AUTO-STUB', 1);
INSERT INTO planningentry (id, resource_id, shift_code, date, absence_type, comment, scenario_id) VALUES (389, 6, 1, '2025-11-29', NULL, 'AUTO-STUB', 1);
INSERT INTO planningentry (id, resource_id, shift_code, date, absence_type, comment, scenario_id) VALUES (390, 7, 1, '2025-11-29', NULL, 'AUTO-STUB', 1);
INSERT INTO planningentry (id, resource_id, shift_code, date, absence_type, comment, scenario_id) VALUES (391, 8, 1, '2025-11-29', NULL, 'AUTO-STUB', 1);
INSERT INTO planningentry (id, resource_id, shift_code, date, absence_type, comment, scenario_id) VALUES (392, 9, 10, '2025-11-29', NULL, 'AUTO-STUB', 1);
INSERT INTO planningentry (id, resource_id, shift_code, date, absence_type, comment, scenario_id) VALUES (393, 10, 1, '2025-11-29', NULL, 'AUTO-STUB', 1);
INSERT INTO planningentry (id, resource_id, shift_code, date, absence_type, comment, scenario_id) VALUES (394, 11, 10, '2025-11-29', NULL, 'AUTO-STUB', 1);
INSERT INTO planningentry (id, resource_id, shift_code, date, absence_type, comment, scenario_id) VALUES (395, 12, 1, '2025-11-29', NULL, 'AUTO-STUB', 1);
INSERT INTO planningentry (id, resource_id, shift_code, date, absence_type, comment, scenario_id) VALUES (396, 13, 1, '2025-11-29', NULL, 'AUTO-STUB', 1);
INSERT INTO planningentry (id, resource_id, shift_code, date, absence_type, comment, scenario_id) VALUES (397, 14, 1, '2025-11-29', NULL, 'AUTO-STUB', 1);
INSERT INTO planningentry (id, resource_id, shift_code, date, absence_type, comment, scenario_id) VALUES (398, 15, 4, '2025-11-29', NULL, 'AUTO-STUB', 1);
INSERT INTO planningentry (id, resource_id, shift_code, date, absence_type, comment, scenario_id) VALUES (399, 1, 8, '2025-11-30', NULL, 'AUTO-STUB', 1);
INSERT INTO planningentry (id, resource_id, shift_code, date, absence_type, comment, scenario_id) VALUES (400, 2, 1, '2025-11-30', NULL, 'AUTO-STUB', 1);
INSERT INTO planningentry (id, resource_id, shift_code, date, absence_type, comment, scenario_id) VALUES (401, 3, 10, '2025-11-30', NULL, 'AUTO-STUB', 1);
INSERT INTO planningentry (id, resource_id, shift_code, date, absence_type, comment, scenario_id) VALUES (402, 4, 4, '2025-11-30', NULL, 'AUTO-STUB', 1);
INSERT INTO planningentry (id, resource_id, shift_code, date, absence_type, comment, scenario_id) VALUES (403, 5, 8, '2025-11-30', NULL, 'AUTO-STUB', 1);
INSERT INTO planningentry (id, resource_id, shift_code, date, absence_type, comment, scenario_id) VALUES (404, 6, 4, '2025-11-30', NULL, 'AUTO-STUB', 1);
INSERT INTO planningentry (id, resource_id, shift_code, date, absence_type, comment, scenario_id) VALUES (405, 7, 8, '2025-11-30', NULL, 'AUTO-STUB', 1);
INSERT INTO planningentry (id, resource_id, shift_code, date, absence_type, comment, scenario_id) VALUES (406, 8, 4, '2025-11-30', NULL, 'AUTO-STUB', 1);
INSERT INTO planningentry (id, resource_id, shift_code, date, absence_type, comment, scenario_id) VALUES (407, 9, 8, '2025-11-30', NULL, 'AUTO-STUB', 1);
INSERT INTO planningentry (id, resource_id, shift_code, date, absence_type, comment, scenario_id) VALUES (408, 10, 8, '2025-11-30', NULL, 'AUTO-STUB', 1);
INSERT INTO planningentry (id, resource_id, shift_code, date, absence_type, comment, scenario_id) VALUES (409, 11, 10, '2025-11-30', NULL, 'AUTO-STUB', 1);
INSERT INTO planningentry (id, resource_id, shift_code, date, absence_type, comment, scenario_id) VALUES (410, 12, 4, '2025-11-30', NULL, 'AUTO-STUB', 1);
INSERT INTO planningentry (id, resource_id, shift_code, date, absence_type, comment, scenario_id) VALUES (411, 13, 1, '2025-11-30', NULL, 'AUTO-STUB', 1);
INSERT INTO planningentry (id, resource_id, shift_code, date, absence_type, comment, scenario_id) VALUES (412, 14, 4, '2025-11-30', NULL, 'AUTO-STUB', 1);
INSERT INTO planningentry (id, resource_id, shift_code, date, absence_type, comment, scenario_id) VALUES (413, 15, 10, '2025-11-30', NULL, 'AUTO-STUB', 1);
COMMIT;
